173-55: Bevölkerung nach Migrationsstatus, Geschlecht und Altersgruppen
Gebietsschlüssel;Gebietseinheit;Zeit;Alter von ... bis unter ... Jahren;Bevölkerung mit Migrationshintergrund 1);Bevölkerung mit Migrationshintergrund 1);Bevölkerung mit Migrationshintergrund 1);Bevölkerung mit Migrationshintergrund 1);Bevölkerung mit Migrationshintergrund 1);Bevölkerung mit Migrationshintergrund 1);Bevölkerung mit Migrationshintergrund 1);Bevölkerung mit Migrationshintergrund 1);Bevölkerung ohne Migrationshintergrund;Bevölkerung ohne Migrationshintergrund
;;;;insgesamt;insgesamt;davon;davon;davon;davon;davon;davon
;;;;;;Ausländer;Ausländer;Eingebürgerte 2);Eingebürgerte 2);Aussiedler 3);Aussiedler 3)
;;;;insgesamt;weiblich;insgesamt;weiblich;insgesamt;weiblich;insgesamt;weiblich;insgesamt;weiblich
04011;Stadt Bremen;2013-12-31;unter 6;14196;6819;2598;1215;8472;4078;3126;1526;12262;5966
04011;Stadt Bremen;2013-12-31;6 - 15;19341;9340;4135;1962;12423;6027;2783;1351;20703;9821
04011;Stadt Bremen;2013-12-31;15 - 18;6285;2946;2449;1163;3051;1407;785;376;8891;4238
04011;Stadt Bremen;2013-12-31;18 - 25;16013;7865;8060;3887;5812;2880;2141;1098;32088;16240
04011;Stadt Bremen;2013-12-31;25 - 30;14771;7088;7695;3644;4395;2141;2681;1303;26169;13041
04011;Stadt Bremen;2013-12-31;30 - 50;51274;25151;28120;13844;15994;7698;7160;3609;101820;49642
04011;Stadt Bremen;2013-12-31;50 - 65;24912;12577;10553;5269;8327;4132;6032;3176;84089;43023
04011;Stadt Bremen;2013-12-31;65 oder mehr;15527;8215;6678;3090;4400;2456;4449;2669;100206;58954
04011;Stadt Bremen;2013-12-31;Insgesamt;162319;80001;70288;34074;62874;30819;29157;15108;386228;200925
040111;Mitte (Stadtbezirk);2013-12-31;unter 6;286;134;69;32;193;92;24;10;319;156
040111;Mitte (Stadtbezirk);2013-12-31;6 - 15;266;141;72;39;180;96;14;6;327;152
040111;Mitte (Stadtbezirk);2013-12-31;15 - 18;100;46;47;22;44;19;9;5;126;60
040111;Mitte (Stadtbezirk);2013-12-31;18 - 25;538;256;312;135;185;104;41;17;1487;808
040111;Mitte (Stadtbezirk);2013-12-31;25 - 30;806;354;522;219;191;81;93;54;1605;759
040111;Mitte (Stadtbezirk);2013-12-31;30 - 50;2053;821;1445;535;486;225;122;61;3909;1641
040111;Mitte (Stadtbezirk);2013-12-31;50 - 65;725;294;478;181;206;92;41;21;2453;1225
040111;Mitte (Stadtbezirk);2013-12-31;65 oder mehr;391;187;198;83;124;62;69;42;2246;1286
040111;Mitte (Stadtbezirk);2013-12-31;Insgesamt;5165;2233;3143;1246;1609;771;413;216;12472;6087
0401111;Mitte (Stadtteil);2013-12-31;unter 6;285;133;68;31;193;92;24;10;319;156
0401111;Mitte (Stadtteil);2013-12-31;6 - 15;266;141;72;39;180;96;14;6;326;151
0401111;Mitte (Stadtteil);2013-12-31;15 - 18;100;46;47;22;44;19;9;5;124;60
0401111;Mitte (Stadtteil);2013-12-31;18 - 25;531;253;305;132;185;104;41;17;1483;807
0401111;Mitte (Stadtteil);2013-12-31;25 - 30;797;351;513;216;191;81;93;54;1602;758
0401111;Mitte (Stadtteil);2013-12-31;30 - 50;2035;818;1427;532;486;225;122;61;3883;1631
0401111;Mitte (Stadtteil);2013-12-31;50 - 65;719;292;474;180;204;91;41;21;2418;1215
0401111;Mitte (Stadtteil);2013-12-31;65 oder mehr;387;186;194;82;124;62;69;42;2232;1280
0401111;Mitte (Stadtteil);2013-12-31;Insgesamt;5120;2220;3100;1234;1607;770;413;216;12387;6058
04011111;Altstadt (Ortsteil);2013-12-31;unter 6;42;15;16;6;23;8;3;1;40;14
04011111;Altstadt (Ortsteil);2013-12-31;6 - 15;40;19;18;10;19;9;3;0;33;11
04011111;Altstadt (Ortsteil);2013-12-31;15 - 18;36;18;21;7;13;9;2;2;11;6
04011111;Altstadt (Ortsteil);2013-12-31;18 - 25;137;68;74;32;54;30;9;6;332;187
04011111;Altstadt (Ortsteil);2013-12-31;25 - 30;208;90;153;58;38;21;17;11;330;137
04011111;Altstadt (Ortsteil);2013-12-31;30 - 50;603;196;480;138;97;46;26;12;648;234
04011111;Altstadt (Ortsteil);2013-12-31;50 - 65;216;68;148;39;53;21;15;8;388;175
04011111;Altstadt (Ortsteil);2013-12-31;65 oder mehr;83;39;47;21;25;13;11;5;449;244
04011111;Altstadt (Ortsteil);2013-12-31;Insgesamt;1365;513;957;311;322;157;86;45;2231;1008
04011112;Bahnhofsvorstadt (Ortsteil);2013-12-31;unter 6;143;67;39;18;94;45;10;4;56;30
04011112;Bahnhofsvorstadt (Ortsteil);2013-12-31;6 - 15;111;61;32;17;75;42;4;2;40;20
04011112;Bahnhofsvorstadt (Ortsteil);2013-12-31;15 - 18;25;12;13;7;8;4;4;1;15;3
04011112;Bahnhofsvorstadt (Ortsteil);2013-12-31;18 - 25;213;89;126;46;64;36;23;7;564;290
04011112;Bahnhofsvorstadt (Ortsteil);2013-12-31;25 - 30;298;120;180;73;80;27;38;20;563;262
04011112;Bahnhofsvorstadt (Ortsteil);2013-12-31;30 - 50;718;286;494;193;179;71;45;22;976;351
04011112;Bahnhofsvorstadt (Ortsteil);2013-12-31;50 - 65;223;88;152;60;61;24;10;4;526;236
04011112;Bahnhofsvorstadt (Ortsteil);2013-12-31;65 oder mehr;139;68;64;28;48;24;27;16;774;473
04011112;Bahnhofsvorstadt (Ortsteil);2013-12-31;Insgesamt;1870;791;1100;442;609;273;161;76;3514;1665
04011113;Ostertor (Ortsteil);2013-12-31;unter 6;100;51;13;7;76;39;11;5;223;112
04011113;Ostertor (Ortsteil);2013-12-31;6 - 15;115;61;22;12;86;45;7;4;253;120
04011113;Ostertor (Ortsteil);2013-12-31;15 - 18;39;16;13;8;23;6;3;2;98;51
04011113;Ostertor (Ortsteil);2013-12-31;18 - 25;181;96;105;54;67;38;9;4;587;330
04011113;Ostertor (Ortsteil);2013-12-31;25 - 30;291;141;180;85;73;33;38;23;709;359
04011113;Ostertor (Ortsteil);2013-12-31;30 - 50;714;336;453;201;210;108;51;27;2259;1046
04011113;Ostertor (Ortsteil);2013-12-31;50 - 65;280;136;174;81;90;46;16;9;1504;804
04011113;Ostertor (Ortsteil);2013-12-31;65 oder mehr;165;79;83;33;51;25;31;21;1009;563
04011113;Ostertor (Ortsteil);2013-12-31;Insgesamt;1885;916;1043;481;676;340;166;95;6642;3385
0401112;Häfen (Stadtteil);2013-12-31;unter 6;1;1;1;1;0;0;0;0;0;0
0401112;Häfen (Stadtteil);2013-12-31;6 - 15;0;0;0;0;0;0;0;0;1;1
0401112;Häfen (Stadtteil);2013-12-31;15 - 18;0;0;0;0;0;0;0;0;2;0
0401112;Häfen (Stadtteil);2013-12-31;18 - 25;7;3;7;3;0;0;0;0;4;1
0401112;Häfen (Stadtteil);2013-12-31;25 - 30;9;3;9;3;0;0;0;0;3;1
0401112;Häfen (Stadtteil);2013-12-31;30 - 50;18;3;18;3;0;0;0;0;26;10
0401112;Häfen (Stadtteil);2013-12-31;50 - 65;6;2;4;1;2;1;0;0;35;10
0401112;Häfen (Stadtteil);2013-12-31;65 oder mehr;4;1;4;1;0;0;0;0;14;6
0401112;Häfen (Stadtteil);2013-12-31;Insgesamt;45;13;43;12;2;1;0;0;85;29
04011121;Handelshäfen (Ortsteil);2013-12-31;unter 6;x;x;x;x;x;x;x;x;x;x
04011121;Handelshäfen (Ortsteil);2013-12-31;6 - 15;x;x;x;x;x;x;x;x;x;x
04011121;Handelshäfen (Ortsteil);2013-12-31;15 - 18;x;x;x;x;x;x;x;x;x;x
04011121;Handelshäfen (Ortsteil);2013-12-31;18 - 25;x;x;x;x;x;x;x;x;x;x
04011121;Handelshäfen (Ortsteil);2013-12-31;25 - 30;x;x;x;x;x;x;x;x;x;x
04011121;Handelshäfen (Ortsteil);2013-12-31;30 - 50;x;x;x;x;x;x;x;x;x;x
04011121;Handelshäfen (Ortsteil);2013-12-31;50 - 65;x;x;x;x;x;x;x;x;x;x
04011121;Handelshäfen (Ortsteil);2013-12-31;65 oder mehr;x;x;x;x;x;x;x;x;x;x
04011121;Handelshäfen (Ortsteil);2013-12-31;Insgesamt;x;x;x;x;x;x;x;x;x;x
04011122;Industriehäfen (Ortsteil);2013-12-31;unter 6;.;.;.;.;.;.;.;.;.;.
04011122;Industriehäfen (Ortsteil);2013-12-31;6 - 15;.;.;.;.;.;.;.;.;.;.
04011122;Industriehäfen (Ortsteil);2013-12-31;15 - 18;.;.;.;.;.;.;.;.;.;.
04011122;Industriehäfen (Ortsteil);2013-12-31;18 - 25;.;.;.;.;.;.;.;.;.;.
04011122;Industriehäfen (Ortsteil);2013-12-31;25 - 30;.;.;.;.;.;.;.;.;.;.
04011122;Industriehäfen (Ortsteil);2013-12-31;30 - 50;.;.;.;.;.;.;.;.;.;.
04011122;Industriehäfen (Ortsteil);2013-12-31;50 - 65;2;1;2;1;0;0;0;0;19;4
04011122;Industriehäfen (Ortsteil);2013-12-31;65 oder mehr;4;1;4;1;0;0;0;0;7;4
04011122;Industriehäfen (Ortsteil);2013-12-31;Insgesamt;17;3;17;3;0;0;0;0;48;16
04011123;Stadtbr Überseehafengebiet Bremerhaven (Ortsteil);2013-12-31;unter 6;.;.;.;.;.;.;.;.;.;.
04011123;Stadtbr Überseehafengebiet Bremerhaven (Ortsteil);2013-12-31;6 - 15;.;.;.;.;.;.;.;.;.;.
04011123;Stadtbr Überseehafengebiet Bremerhaven (Ortsteil);2013-12-31;15 - 18;.;.;.;.;.;.;.;.;.;.
04011123;Stadtbr Überseehafengebiet Bremerhaven (Ortsteil);2013-12-31;18 - 25;.;.;.;.;.;.;.;.;.;.
04011123;Stadtbr Überseehafengebiet Bremerhaven (Ortsteil);2013-12-31;25 - 30;.;.;.;.;.;.;.;.;.;.
04011123;Stadtbr Überseehafengebiet Bremerhaven (Ortsteil);2013-12-31;30 - 50;.;.;.;.;.;.;.;.;.;.
04011123;Stadtbr Überseehafengebiet Bremerhaven (Ortsteil);2013-12-31;50 - 65;.;.;.;.;.;.;.;.;.;.
04011123;Stadtbr Überseehafengebiet Bremerhaven (Ortsteil);2013-12-31;65 oder mehr;.;.;.;.;.;.;.;.;.;.
04011123;Stadtbr Überseehafengebiet Bremerhaven (Ortsteil);2013-12-31;Insgesamt;.;.;.;.;.;.;.;.;.;.
04011124;Neustädter Häfen (Ortsteil);2013-12-31;unter 6;.;.;.;.;.;.;.;.;.;.
04011124;Neustädter Häfen (Ortsteil);2013-12-31;6 - 15;.;.;.;.;.;.;.;.;.;.
04011124;Neustädter Häfen (Ortsteil);2013-12-31;15 - 18;.;.;.;.;.;.;.;.;.;.
04011124;Neustädter Häfen (Ortsteil);2013-12-31;18 - 25;.;.;.;.;.;.;.;.;.;.
04011124;Neustädter Häfen (Ortsteil);2013-12-31;25 - 30;.;.;.;.;.;.;.;.;.;.
04011124;Neustädter Häfen (Ortsteil);2013-12-31;30 - 50;.;.;.;.;.;.;.;.;.;.
04011124;Neustädter Häfen (Ortsteil);2013-12-31;50 - 65;.;.;.;.;.;.;.;.;.;.
04011124;Neustädter Häfen (Ortsteil);2013-12-31;65 oder mehr;.;.;.;.;.;.;.;.;.;.
04011124;Neustädter Häfen (Ortsteil);2013-12-31;Insgesamt;.;.;.;.;.;.;.;.;.;.
04011125;Hohentorshafen (Ortsteil);2013-12-31;unter 6;.;.;.;.;.;.;.;.;.;.
04011125;Hohentorshafen (Ortsteil);2013-12-31;6 - 15;.;.;.;.;.;.;.;.;.;.
04011125;Hohentorshafen (Ortsteil);2013-12-31;15 - 18;.;.;.;.;.;.;.;.;.;.
04011125;Hohentorshafen (Ortsteil);2013-12-31;18 - 25;.;.;.;.;.;.;.;.;.;.
04011125;Hohentorshafen (Ortsteil);2013-12-31;25 - 30;.;.;.;.;.;.;.;.;.;.
04011125;Hohentorshafen (Ortsteil);2013-12-31;30 - 50;.;.;.;.;.;.;.;.;.;.
04011125;Hohentorshafen (Ortsteil);2013-12-31;50 - 65;.;.;.;.;.;.;.;.;.;.
04011125;Hohentorshafen (Ortsteil);2013-12-31;65 oder mehr;.;.;.;.;.;.;.;.;.;.
04011125;Hohentorshafen (Ortsteil);2013-12-31;Insgesamt;.;.;.;.;.;.;.;.;.;.
040112;Süd (Stadtbezirk);2013-12-31;unter 6;3279;1581;557;252;2069;1003;653;326;2763;1325
040112;Süd (Stadtbezirk);2013-12-31;6 - 15;4467;2163;973;472;2874;1397;620;294;4455;2135
040112;Süd (Stadtbezirk);2013-12-31;15 - 18;1429;659;536;252;723;327;170;80;1974;936
040112;Süd (Stadtbezirk);2013-12-31;18 - 25;3727;1798;1858;874;1401;682;468;242;7948;3954
040112;Süd (Stadtbezirk);2013-12-31;25 - 30;3460;1642;1864;850;1032;530;564;262;6478;3193
040112;Süd (Stadtbezirk);2013-12-31;30 - 50;11752;5834;6438;3195;3707;1816;1607;823;22903;11137
040112;Süd (Stadtbezirk);2013-12-31;50 - 65;5632;2767;2417;1172;1957;936;1258;659;18363;9393
040112;Süd (Stadtbezirk);2013-12-31;65 oder mehr;3318;1766;1468;700;938;521;912;545;22172;12961
040112;Süd (Stadtbezirk);2013-12-31;Insgesamt;37064;18210;16111;7767;14701;7212;6252;3231;87056;45034
0401121;Neustadt (Stadtteil);2013-12-31;unter 6;830;391;147;79;582;266;101;46;1024;486
0401121;Neustadt (Stadtteil);2013-12-31;6 - 15;937;444;259;123;631;301;47;20;1248;576
0401121;Neustadt (Stadtteil);2013-12-31;15 - 18;342;182;163;84;172;93;7;5;517;237
0401121;Neustadt (Stadtteil);2013-12-31;18 - 25;1458;719;878;414;459;238;121;67;3890;2007
0401121;Neustadt (Stadtteil);2013-12-31;25 - 30;1558;707;985;428;388;190;185;89;3923;1954
0401121;Neustadt (Stadtteil);2013-12-31;30 - 50;3952;1837;2606;1202;1107;519;239;116;9978;4696
0401121;Neustadt (Stadtteil);2013-12-31;50 - 65;1430;662;881;405;443;201;106;56;6201;3166
0401121;Neustadt (Stadtteil);2013-12-31;65 oder mehr;956;473;554;257;237;122;165;94;5906;3573
0401121;Neustadt (Stadtteil);2013-12-31;Insgesamt;11463;5415;6473;2992;4019;1930;971;493;32687;16695
04011211;Alte Neustadt (Ortsteil);2013-12-31;unter 6;72;34;14;7;51;24;7;3;110;57
04011211;Alte Neustadt (Ortsteil);2013-12-31;6 - 15;83;43;29;14;48;26;6;3;74;32
04011211;Alte Neustadt (Ortsteil);2013-12-31;15 - 18;35;17;18;7;17;10;0;0;17;6
04011211;Alte Neustadt (Ortsteil);2013-12-31;18 - 25;196;104;114;58;57;29;25;17;671;327
04011211;Alte Neustadt (Ortsteil);2013-12-31;25 - 30;270;125;178;84;53;27;39;14;786;375
04011211;Alte Neustadt (Ortsteil);2013-12-31;30 - 50;588;274;410;191;136;65;42;18;1469;596
04011211;Alte Neustadt (Ortsteil);2013-12-31;50 - 65;189;82;116;49;61;26;12;7;775;361
04011211;Alte Neustadt (Ortsteil);2013-12-31;65 oder mehr;158;94;71;40;47;30;40;24;935;570
04011211;Alte Neustadt (Ortsteil);2013-12-31;Insgesamt;1591;773;950;450;470;237;171;86;4837;2324
04011212;Hohentor (Ortsteil);2013-12-31;unter 6;89;42;18;10;62;27;9;5;73;38
04011212;Hohentor (Ortsteil);2013-12-31;6 - 15;91;40;42;18;46;22;3;0;68;32
04011212;Hohentor (Ortsteil);2013-12-31;15 - 18;35;20;17;13;14;5;4;2;36;26
04011212;Hohentor (Ortsteil);2013-12-31;18 - 25;191;100;117;57;56;29;18;14;608;335
04011212;Hohentor (Ortsteil);2013-12-31;25 - 30;203;89;134;60;42;19;27;10;578;253
04011212;Hohentor (Ortsteil);2013-12-31;30 - 50;498;205;352;152;126;43;20;10;988;431
04011212;Hohentor (Ortsteil);2013-12-31;50 - 65;143;71;93;48;40;18;10;5;549;251
04011212;Hohentor (Ortsteil);2013-12-31;65 oder mehr;83;36;61;25;16;9;6;2;453;270
04011212;Hohentor (Ortsteil);2013-12-31;Insgesamt;1333;603;834;383;402;172;97;48;3353;1636
04011213;Neustadt (Ortsteil);2013-12-31;unter 6;116;55;17;8;79;36;20;11;227;114
04011213;Neustadt (Ortsteil);2013-12-31;6 - 15;104;48;19;10;76;37;9;1;280;139
04011213;Neustadt (Ortsteil);2013-12-31;15 - 18;51;33;19;10;32;23;0;0;102;47
04011213;Neustadt (Ortsteil);2013-12-31;18 - 25;200;88;107;43;74;37;19;8;593;319
04011213;Neustadt (Ortsteil);2013-12-31;25 - 30;226;100;129;52;67;29;30;19;645;357
04011213;Neustadt (Ortsteil);2013-12-31;30 - 50;497;251;311;161;147;68;39;22;1915;977
04011213;Neustadt (Ortsteil);2013-12-31;50 - 65;189;89;108;52;64;29;17;8;1225;655
04011213;Neustadt (Ortsteil);2013-12-31;65 oder mehr;119;57;75;32;28;15;16;10;833;508
04011213;Neustadt (Ortsteil);2013-12-31;Insgesamt;1502;721;785;368;567;274;150;79;5820;3116
04011214;Südervorstadt (Ortsteil);2013-12-31;unter 6;71;34;10;4;52;27;9;3;109;55
04011214;Südervorstadt (Ortsteil);2013-12-31;6 - 15;105;48;33;17;69;29;3;2;140;63
04011214;Südervorstadt (Ortsteil);2013-12-31;15 - 18;33;17;19;11;14;6;0;0;72;37
04011214;Südervorstadt (Ortsteil);2013-12-31;18 - 25;212;111;140;74;60;32;12;5;498;280
04011214;Südervorstadt (Ortsteil);2013-12-31;25 - 30;199;88;125;53;49;26;25;9;502;253
04011214;Südervorstadt (Ortsteil);2013-12-31;30 - 50;470;204;304;128;141;65;25;11;1156;566
04011214;Südervorstadt (Ortsteil);2013-12-31;50 - 65;166;74;110;50;49;22;7;2;747;382
04011214;Südervorstadt (Ortsteil);2013-12-31;65 oder mehr;121;54;78;29;23;13;20;12;574;361
04011214;Südervorstadt (Ortsteil);2013-12-31;Insgesamt;1377;630;819;366;457;220;101;44;3798;1997
04011215;Gartenstadt Süd (Ortsteil);2013-12-31;unter 6;145;67;15;11;108;47;22;9;84;30
04011215;Gartenstadt Süd (Ortsteil);2013-12-31;6 - 15;168;78;26;12;132;61;10;5;159;73
04011215;Gartenstadt Süd (Ortsteil);2013-12-31;15 - 18;48;26;19;11;29;15;0;0;64;21
04011215;Gartenstadt Süd (Ortsteil);2013-12-31;18 - 25;136;73;66;34;54;33;16;6;323;155
04011215;Gartenstadt Süd (Ortsteil);2013-12-31;25 - 30;134;73;64;36;53;31;17;6;305;139
04011215;Gartenstadt Süd (Ortsteil);2013-12-31;30 - 50;497;270;274;151;180;93;43;26;962;470
04011215;Gartenstadt Süd (Ortsteil);2013-12-31;50 - 65;195;97;100;49;70;32;25;16;667;369
04011215;Gartenstadt Süd (Ortsteil);2013-12-31;65 oder mehr;148;74;72;37;45;20;31;17;998;641
04011215;Gartenstadt Süd (Ortsteil);2013-12-31;Insgesamt;1471;758;636;341;671;332;164;85;3562;1898
04011216;Buntentor (Ortsteil);2013-12-31;unter 6;102;48;21;11;64;30;17;7;181;74
04011216;Buntentor (Ortsteil);2013-12-31;6 - 15;96;43;18;8;72;32;6;3;217;104
04011216;Buntentor (Ortsteil);2013-12-31;15 - 18;40;19;18;8;22;11;0;0;93;49
04011216;Buntentor (Ortsteil);2013-12-31;18 - 25;175;93;103;56;57;28;15;9;640;330
04011216;Buntentor (Ortsteil);2013-12-31;25 - 30;207;107;116;54;63;34;28;19;670;362
04011216;Buntentor (Ortsteil);2013-12-31;30 - 50;470;204;301;125;133;60;36;19;1823;879
04011216;Buntentor (Ortsteil);2013-12-31;50 - 65;154;78;94;45;52;26;8;7;1096;593
04011216;Buntentor (Ortsteil);2013-12-31;65 oder mehr;111;54;60;33;30;12;21;9;804;463
04011216;Buntentor (Ortsteil);2013-12-31;Insgesamt;1355;646;731;340;493;233;131;73;5524;2854
04011217;Neuenland (Ortsteil);2013-12-31;unter 6;30;11;7;1;23;10;0;0;26;11
04011217;Neuenland (Ortsteil);2013-12-31;6 - 15;34;17;11;4;22;12;1;1;41;18
04011217;Neuenland (Ortsteil);2013-12-31;15 - 18;13;3;5;2;8;1;0;0;14;4
04011217;Neuenland (Ortsteil);2013-12-31;18 - 25;66;28;41;18;17;7;8;3;106;44
04011217;Neuenland (Ortsteil);2013-12-31;25 - 30;54;22;38;17;13;5;3;0;67;30
04011217;Neuenland (Ortsteil);2013-12-31;30 - 50;208;85;151;59;52;25;5;1;201;87
04011217;Neuenland (Ortsteil);2013-12-31;50 - 65;102;38;71;24;29;12;2;2;159;77
04011217;Neuenland (Ortsteil);2013-12-31;65 oder mehr;36;19;22;11;10;5;4;3;255;144
04011217;Neuenland (Ortsteil);2013-12-31;Insgesamt;543;223;346;136;174;77;23;10;869;415
04011218;Huckelriede (Ortsteil);2013-12-31;unter 6;205;100;45;27;143;65;17;8;214;107
04011218;Huckelriede (Ortsteil);2013-12-31;6 - 15;256;127;81;40;166;82;9;5;269;115
04011218;Huckelriede (Ortsteil);2013-12-31;15 - 18;87;47;48;22;36;22;3;3;119;47
04011218;Huckelriede (Ortsteil);2013-12-31;18 - 25;282;122;190;74;84;43;8;5;451;217
04011218;Huckelriede (Ortsteil);2013-12-31;25 - 30;265;103;201;72;48;19;16;12;370;185
04011218;Huckelriede (Ortsteil);2013-12-31;30 - 50;724;344;503;235;192;100;29;9;1464;690
04011218;Huckelriede (Ortsteil);2013-12-31;50 - 65;292;133;189;88;78;36;25;9;983;478
04011218;Huckelriede (Ortsteil);2013-12-31;65 oder mehr;180;85;115;50;38;18;27;17;1054;616
04011218;Huckelriede (Ortsteil);2013-12-31;Insgesamt;2291;1061;1372;608;785;385;134;68;4924;2455
0401123;Obervieland (Stadtteil);2013-12-31;unter 6;1014;499;145;58;626;314;243;127;786;370
0401123;Obervieland (Stadtteil);2013-12-31;6 - 15;1474;708;255;118;976;478;243;112;1520;759
0401123;Obervieland (Stadtteil);2013-12-31;15 - 18;473;202;159;64;237;97;77;41;662;329
0401123;Obervieland (Stadtteil);2013-12-31;18 - 25;942;444;403;188;406;195;133;61;1787;831
0401123;Obervieland (Stadtteil);2013-12-31;25 - 30;769;385;336;158;278;150;155;77;1007;493
0401123;Obervieland (Stadtteil);2013-12-31;30 - 50;3330;1764;1514;816;1197;623;619;325;5859;2951
0401123;Obervieland (Stadtteil);2013-12-31;50 - 65;1908;972;639;327;724;357;545;288;5573;2877
0401123;Obervieland (Stadtteil);2013-12-31;65 oder mehr;1057;582;398;196;317;184;342;202;7351;4180
0401123;Obervieland (Stadtteil);2013-12-31;Insgesamt;10967;5556;3849;1925;4761;2398;2357;1233;24545;12790
04011231;Habenhausen (Ortsteil);2013-12-31;unter 6;101;47;22;6;60;33;19;8;242;110
04011231;Habenhausen (Ortsteil);2013-12-31;6 - 15;107;53;19;10;71;32;17;11;466;239
04011231;Habenhausen (Ortsteil);2013-12-31;15 - 18;50;21;22;7;23;11;5;3;184;88
04011231;Habenhausen (Ortsteil);2013-12-31;18 - 25;108;41;73;25;33;16;2;0;454;205
04011231;Habenhausen (Ortsteil);2013-12-31;25 - 30;98;38;72;23;14;10;12;5;215;100
04011231;Habenhausen (Ortsteil);2013-12-31;30 - 50;333;175;173;91;122;64;38;20;1560;806
04011231;Habenhausen (Ortsteil);2013-12-31;50 - 65;165;98;66;45;61;33;38;20;1759;924
04011231;Habenhausen (Ortsteil);2013-12-31;65 oder mehr;125;61;40;17;39;21;46;23;2274;1213
04011231;Habenhausen (Ortsteil);2013-12-31;Insgesamt;1087;534;487;224;423;220;177;90;7154;3685
04011232;Arsten (Ortsteil);2013-12-31;unter 6;218;107;21;8;122;62;75;37;224;106
04011232;Arsten (Ortsteil);2013-12-31;6 - 15;385;185;57;28;240;113;88;44;487;237
04011232;Arsten (Ortsteil);2013-12-31;15 - 18;129;50;31;11;67;27;31;12;240;122
04011232;Arsten (Ortsteil);2013-12-31;18 - 25;238;115;61;30;128;65;49;20;503;223
04011232;Arsten (Ortsteil);2013-12-31;25 - 30;149;79;39;22;58;30;52;27;223;117
04011232;Arsten (Ortsteil);2013-12-31;30 - 50;826;460;297;166;308;170;221;124;1711;880
04011232;Arsten (Ortsteil);2013-12-31;50 - 65;473;239;106;52;186;91;181;96;1486;762
04011232;Arsten (Ortsteil);2013-12-31;65 oder mehr;280;164;75;35;88;58;117;71;1672;985
04011232;Arsten (Ortsteil);2013-12-31;Insgesamt;2698;1399;687;352;1197;616;814;431;6546;3432
04011233;Kattenturm (Ortsteil);2013-12-31;unter 6;543;268;90;37;361;176;92;55;190;91
04011233;Kattenturm (Ortsteil);2013-12-31;6 - 15;783;374;160;69;521;263;102;42;328;172
04011233;Kattenturm (Ortsteil);2013-12-31;15 - 18;237;106;90;39;121;50;26;17;151;77
04011233;Kattenturm (Ortsteil);2013-12-31;18 - 25;512;249;237;117;209;97;66;35;598;290
04011233;Kattenturm (Ortsteil);2013-12-31;25 - 30;422;218;204;101;154;85;64;32;400;190
04011233;Kattenturm (Ortsteil);2013-12-31;30 - 50;1737;904;888;471;584;301;265;132;1676;820
04011233;Kattenturm (Ortsteil);2013-12-31;50 - 65;1036;522;424;209;348;175;264;138;1544;770
04011233;Kattenturm (Ortsteil);2013-12-31;65 oder mehr;528;280;241;119;145;77;142;84;2066;1217
04011233;Kattenturm (Ortsteil);2013-12-31;Insgesamt;5798;2921;2334;1162;2443;1224;1021;535;6953;3627
04011234;Kattenesch (Ortsteil);2013-12-31;unter 6;152;77;12;7;83;43;57;27;130;63
04011234;Kattenesch (Ortsteil);2013-12-31;6 - 15;199;96;19;11;144;70;36;15;239;111
04011234;Kattenesch (Ortsteil);2013-12-31;15 - 18;57;25;16;7;26;9;15;9;87;42
04011234;Kattenesch (Ortsteil);2013-12-31;18 - 25;84;39;32;16;36;17;16;6;232;113
04011234;Kattenesch (Ortsteil);2013-12-31;25 - 30;100;50;21;12;52;25;27;13;169;86
04011234;Kattenesch (Ortsteil);2013-12-31;30 - 50;434;225;156;88;183;88;95;49;912;445
04011234;Kattenesch (Ortsteil);2013-12-31;50 - 65;234;113;43;21;129;58;62;34;784;421
04011234;Kattenesch (Ortsteil);2013-12-31;65 oder mehr;124;77;42;25;45;28;37;24;1339;765
04011234;Kattenesch (Ortsteil);2013-12-31;Insgesamt;1384;702;341;187;698;338;345;177;3892;2046
0401124;Huchting (Stadtteil);2013-12-31;unter 6;1110;523;220;91;658;328;232;104;534;254
0401124;Huchting (Stadtteil);2013-12-31;6 - 15;1615;788;367;178;996;482;252;128;990;466
0401124;Huchting (Stadtteil);2013-12-31;15 - 18;506;219;177;86;258;107;71;26;493;234
0401124;Huchting (Stadtteil);2013-12-31;18 - 25;964;456;385;177;415;193;164;86;1298;624
0401124;Huchting (Stadtteil);2013-12-31;25 - 30;811;400;372;190;273;142;166;68;776;370
0401124;Huchting (Stadtteil);2013-12-31;30 - 50;3258;1677;1634;862;1046;510;578;305;3944;1986
0401124;Huchting (Stadtteil);2013-12-31;50 - 65;1692;847;621;303;607;296;464;248;3929;2054
0401124;Huchting (Stadtteil);2013-12-31;65 oder mehr;976;536;356;175;306;167;314;194;6373;3784
0401124;Huchting (Stadtteil);2013-12-31;Insgesamt;10932;5446;4132;2062;4559;2225;2241;1159;18337;9772
04011241;Mittelshuchting (Ortsteil);2013-12-31;unter 6;492;217;127;55;261;123;104;39;195;103
04011241;Mittelshuchting (Ortsteil);2013-12-31;6 - 15;673;339;178;82;379;193;116;64;355;160
04011241;Mittelshuchting (Ortsteil);2013-12-31;15 - 18;207;87;76;38;101;41;30;8;183;93
04011241;Mittelshuchting (Ortsteil);2013-12-31;18 - 25;423;195;185;83;177;81;61;31;504;243
04011241;Mittelshuchting (Ortsteil);2013-12-31;25 - 30;345;158;176;82;99;44;70;32;299;136
04011241;Mittelshuchting (Ortsteil);2013-12-31;30 - 50;1364;687;714;350;404;202;246;135;1408;689
04011241;Mittelshuchting (Ortsteil);2013-12-31;50 - 65;679;339;245;117;241;118;193;104;1376;716
04011241;Mittelshuchting (Ortsteil);2013-12-31;65 oder mehr;363;200;118;54;123;70;122;76;2176;1256
04011241;Mittelshuchting (Ortsteil);2013-12-31;Insgesamt;4546;2222;1819;861;1785;872;942;489;6496;3396
04011242;Sodenmatt (Ortsteil);2013-12-31;unter 6;246;121;26;10;134;72;86;39;109;46
04011242;Sodenmatt (Ortsteil);2013-12-31;6 - 15;399;174;71;30;247;112;81;32;183;87
04011242;Sodenmatt (Ortsteil);2013-12-31;15 - 18;131;59;39;19;66;27;26;13;82;36
04011242;Sodenmatt (Ortsteil);2013-12-31;18 - 25;232;118;85;44;86;40;61;34;261;134
04011242;Sodenmatt (Ortsteil);2013-12-31;25 - 30;201;109;82;46;65;41;54;22;197;95
04011242;Sodenmatt (Ortsteil);2013-12-31;30 - 50;846;435;389;215;263;119;194;101;804;405
04011242;Sodenmatt (Ortsteil);2013-12-31;50 - 65;483;237;167;79;171;86;145;72;820;447
04011242;Sodenmatt (Ortsteil);2013-12-31;65 oder mehr;323;175;118;56;81;42;124;77;1485;936
04011242;Sodenmatt (Ortsteil);2013-12-31;Insgesamt;2861;1428;977;499;1113;539;771;390;3941;2186
04011243;Kirchhuchting (Ortsteil);2013-12-31;unter 6;326;155;66;25;222;108;38;22;139;63
04011243;Kirchhuchting (Ortsteil);2013-12-31;6 - 15;505;253;117;65;338;159;50;29;272;139
04011243;Kirchhuchting (Ortsteil);2013-12-31;15 - 18;148;65;58;27;76;33;14;5;138;60
04011243;Kirchhuchting (Ortsteil);2013-12-31;18 - 25;283;133;104;45;138;67;41;21;351;166
04011243;Kirchhuchting (Ortsteil);2013-12-31;25 - 30;238;122;100;57;96;51;42;14;201;104
04011243;Kirchhuchting (Ortsteil);2013-12-31;30 - 50;947;499;491;275;328;158;128;66;1044;533
04011243;Kirchhuchting (Ortsteil);2013-12-31;50 - 65;470;242;183;97;172;78;115;67;1079;564
04011243;Kirchhuchting (Ortsteil);2013-12-31;65 oder mehr;254;139;111;59;82;43;61;37;1740;1047
04011243;Kirchhuchting (Ortsteil);2013-12-31;Insgesamt;3171;1608;1230;650;1452;697;489;261;4964;2676
04011244;Grolland (Ortsteil);2013-12-31;unter 6;46;30;1;1;41;25;4;4;91;42
04011244;Grolland (Ortsteil);2013-12-31;6 - 15;38;22;1;1;32;18;5;3;180;80
04011244;Grolland (Ortsteil);2013-12-31;15 - 18;20;8;4;2;15;6;1;0;90;45
04011244;Grolland (Ortsteil);2013-12-31;18 - 25;26;10;11;5;14;5;1;0;182;81
04011244;Grolland (Ortsteil);2013-12-31;25 - 30;27;11;14;5;13;6;0;0;79;35
04011244;Grolland (Ortsteil);2013-12-31;30 - 50;101;56;40;22;51;31;10;3;688;359
04011244;Grolland (Ortsteil);2013-12-31;50 - 65;60;29;26;10;23;14;11;5;654;327
04011244;Grolland (Ortsteil);2013-12-31;65 oder mehr;36;22;9;6;20;12;7;4;972;545
04011244;Grolland (Ortsteil);2013-12-31;Insgesamt;354;188;106;52;209;117;39;19;2936;1514
0401125;Woltmershausen (Stadtteil);2013-12-31;unter 6;309;158;45;24;194;89;70;45;367;189
0401125;Woltmershausen (Stadtteil);2013-12-31;6 - 15;420;210;92;53;258;129;70;28;604;294
0401125;Woltmershausen (Stadtteil);2013-12-31;15 - 18;95;48;35;17;50;27;10;4;249;111
0401125;Woltmershausen (Stadtteil);2013-12-31;18 - 25;350;169;188;92;116;52;46;25;867;438
0401125;Woltmershausen (Stadtteil);2013-12-31;25 - 30;313;144;169;74;91;47;53;23;717;348
0401125;Woltmershausen (Stadtteil);2013-12-31;30 - 50;1155;523;667;305;333;149;155;69;2759;1328
0401125;Woltmershausen (Stadtteil);2013-12-31;50 - 65;564;271;266;132;166;76;132;63;2336;1136
0401125;Woltmershausen (Stadtteil);2013-12-31;65 oder mehr;316;169;156;70;74;46;86;53;2300;1296
0401125;Woltmershausen (Stadtteil);2013-12-31;Insgesamt;3522;1692;1618;767;1282;615;622;310;10199;5140
04011251;Woltmershausen (Ortsteil);2013-12-31;unter 6;266;138;35;19;166;77;65;42;284;140
04011251;Woltmershausen (Ortsteil);2013-12-31;6 - 15;345;171;78;46;207;101;60;24;450;215
04011251;Woltmershausen (Ortsteil);2013-12-31;15 - 18;77;38;30;14;39;21;8;3;176;80
04011251;Woltmershausen (Ortsteil);2013-12-31;18 - 25;292;140;150;74;98;41;44;25;699;365
04011251;Woltmershausen (Ortsteil);2013-12-31;25 - 30;281;134;148;67;83;45;50;22;609;296
04011251;Woltmershausen (Ortsteil);2013-12-31;30 - 50;977;447;564;261;276;125;137;61;2136;1016
04011251;Woltmershausen (Ortsteil);2013-12-31;50 - 65;500;241;242;119;134;63;124;59;1739;839
04011251;Woltmershausen (Ortsteil);2013-12-31;65 oder mehr;264;139;129;58;58;33;77;48;1557;863
04011251;Woltmershausen (Ortsteil);2013-12-31;Insgesamt;3002;1448;1376;658;1061;506;565;284;7650;3814
04011252;Rablinghausen (Ortsteil);2013-12-31;unter 6;43;20;10;5;28;12;5;3;83;49
04011252;Rablinghausen (Ortsteil);2013-12-31;6 - 15;75;39;14;7;51;28;10;4;154;79
04011252;Rablinghausen (Ortsteil);2013-12-31;15 - 18;18;10;5;3;11;6;2;1;73;31
04011252;Rablinghausen (Ortsteil);2013-12-31;18 - 25;58;29;38;18;18;11;2;0;168;73
04011252;Rablinghausen (Ortsteil);2013-12-31;25 - 30;32;10;21;7;8;2;3;1;108;52
04011252;Rablinghausen (Ortsteil);2013-12-31;30 - 50;178;76;103;44;57;24;18;8;623;312
04011252;Rablinghausen (Ortsteil);2013-12-31;50 - 65;64;30;24;13;32;13;8;4;597;297
04011252;Rablinghausen (Ortsteil);2013-12-31;65 oder mehr;52;30;27;12;16;13;9;5;743;433
04011252;Rablinghausen (Ortsteil);2013-12-31;Insgesamt;520;244;242;109;221;109;57;26;2549;1326
04011261;Seehausen (Ortsteil);2013-12-31;unter 6;.;.;.;.;.;.;.;.;.;.
04011261;Seehausen (Ortsteil);2013-12-31;6 - 15;.;.;.;.;.;.;.;.;.;.
04011261;Seehausen (Ortsteil);2013-12-31;15 - 18;.;.;.;.;.;.;.;.;.;.
04011261;Seehausen (Ortsteil);2013-12-31;18 - 25;.;.;.;.;.;.;.;.;.;.
04011261;Seehausen (Ortsteil);2013-12-31;25 - 30;.;.;.;.;.;.;.;.;.;.
04011261;Seehausen (Ortsteil);2013-12-31;30 - 50;.;.;.;.;.;.;.;.;.;.
04011261;Seehausen (Ortsteil);2013-12-31;50 - 65;31;14;9;5;13;5;9;4;220;108
04011261;Seehausen (Ortsteil);2013-12-31;65 oder mehr;8;4;3;2;2;2;3;0;153;79
04011261;Seehausen (Ortsteil);2013-12-31;Insgesamt;151;85;34;19;69;39;48;27;889;439
04011271;Strom (Ortsteil);2013-12-31;unter 6;.;.;.;.;.;.;.;.;.;.
04011271;Strom (Ortsteil);2013-12-31;6 - 15;.;.;.;.;.;.;.;.;.;.
04011271;Strom (Ortsteil);2013-12-31;15 - 18;.;.;.;.;.;.;.;.;.;.
04011271;Strom (Ortsteil);2013-12-31;18 - 25;.;.;.;.;.;.;.;.;.;.
04011271;Strom (Ortsteil);2013-12-31;25 - 30;.;.;.;.;.;.;.;.;.;.
04011271;Strom (Ortsteil);2013-12-31;30 - 50;.;.;.;.;.;.;.;.;.;.
04011271;Strom (Ortsteil);2013-12-31;50 - 65;7;1;1;0;4;1;2;0;104;52
04011271;Strom (Ortsteil);2013-12-31;65 oder mehr;5;2;1;0;2;0;2;2;89;49
04011271;Strom (Ortsteil);2013-12-31;Insgesamt;29;16;5;2;11;5;13;9;399;198
040113;Ost (Stadtbezirk);2013-12-31;unter 6;5528;2692;876;420;3095;1499;1557;773;5343;2614
040113;Ost (Stadtbezirk);2013-12-31;6 - 15;7519;3608;1344;613;4861;2334;1314;661;8855;4199
040113;Ost (Stadtbezirk);2013-12-31;15 - 18;2454;1154;811;385;1292;607;351;162;3592;1702
040113;Ost (Stadtbezirk);2013-12-31;18 - 25;5898;2954;2606;1311;2274;1123;1018;520;12099;6123
040113;Ost (Stadtbezirk);2013-12-31;25 - 30;5681;2824;2732;1381;1706;823;1243;620;10075;5046
040113;Ost (Stadtbezirk);2013-12-31;30 - 50;20256;10366;10174;5333;6714;3327;3368;1706;42301;21009
040113;Ost (Stadtbezirk);2013-12-31;50 - 65;10455;5388;3884;1953;3784;1956;2787;1479;33335;17393
040113;Ost (Stadtbezirk);2013-12-31;65 oder mehr;6587;3673;2413;1188;2053;1180;2121;1305;41446;24599
040113;Ost (Stadtbezirk);2013-12-31;Insgesamt;64378;32659;24840;12584;25779;12849;13759;7226;157046;82685
0401131;Östliche Vorstadt (Stadtteil);2013-12-31;unter 6;418;195;87;36;279;132;52;27;863;416
0401131;Östliche Vorstadt (Stadtteil);2013-12-31;6 - 15;442;216;65;29;335;166;42;21;1224;627
0401131;Östliche Vorstadt (Stadtteil);2013-12-31;15 - 18;124;60;48;22;74;37;2;1;431;193
0401131;Östliche Vorstadt (Stadtteil);2013-12-31;18 - 25;507;266;285;145;184;100;38;21;1890;990
0401131;Östliche Vorstadt (Stadtteil);2013-12-31;25 - 30;700;390;440;238;182;105;78;47;2231;1197
0401131;Östliche Vorstadt (Stadtteil);2013-12-31;30 - 50;2134;1039;1299;606;707;362;128;71;8234;4132
0401131;Östliche Vorstadt (Stadtteil);2013-12-31;50 - 65;800;377;459;203;270;131;71;43;5447;2964
0401131;Östliche Vorstadt (Stadtteil);2013-12-31;65 oder mehr;487;244;272;119;123;69;92;56;3854;2301
0401131;Östliche Vorstadt (Stadtteil);2013-12-31;Insgesamt;5612;2787;2955;1398;2154;1102;503;287;24174;12820
04011311;Steintor (Ortsteil);2013-12-31;unter 6;102;41;18;4;75;34;9;3;210;111
04011311;Steintor (Ortsteil);2013-12-31;6 - 15;131;69;18;9;103;53;10;7;232;114
04011311;Steintor (Ortsteil);2013-12-31;15 - 18;36;16;19;6;16;9;1;1;93;38
04011311;Steintor (Ortsteil);2013-12-31;18 - 25;137;77;71;44;58;27;8;6;511;262
04011311;Steintor (Ortsteil);2013-12-31;25 - 30;190;97;123;66;44;23;23;8;674;355
04011311;Steintor (Ortsteil);2013-12-31;30 - 50;585;290;358;173;203;100;24;17;2239;1033
04011311;Steintor (Ortsteil);2013-12-31;50 - 65;199;88;124;48;65;34;10;6;1305;687
04011311;Steintor (Ortsteil);2013-12-31;65 oder mehr;126;57;78;32;29;15;19;10;719;434
04011311;Steintor (Ortsteil);2013-12-31;Insgesamt;1506;735;809;382;593;295;104;58;5983;3034
04011312;Fesenfeld (Ortsteil);2013-12-31;unter 6;90;45;12;4;69;37;9;4;201;87
04011312;Fesenfeld (Ortsteil);2013-12-31;6 - 15;82;33;12;4;64;28;6;1;228;124
04011312;Fesenfeld (Ortsteil);2013-12-31;15 - 18;12;4;2;1;10;3;0;0;73;36
04011312;Fesenfeld (Ortsteil);2013-12-31;18 - 25;113;63;65;30;42;28;6;5;503;270
04011312;Fesenfeld (Ortsteil);2013-12-31;25 - 30;183;104;111;58;52;32;20;14;617;350
04011312;Fesenfeld (Ortsteil);2013-12-31;30 - 50;467;228;285;135;161;83;21;10;2072;1042
04011312;Fesenfeld (Ortsteil);2013-12-31;50 - 65;181;86;102;49;61;27;18;10;1187;627
04011312;Fesenfeld (Ortsteil);2013-12-31;65 oder mehr;101;49;50;23;32;18;19;8;758;420
04011312;Fesenfeld (Ortsteil);2013-12-31;Insgesamt;1229;612;639;304;491;256;99;52;5639;2956
04011313;Peterswerder (Ortsteil);2013-12-31;unter 6;117;55;12;8;84;35;21;12;331;171
04011313;Peterswerder (Ortsteil);2013-12-31;6 - 15;153;73;17;7;121;60;15;6;548;276
04011313;Peterswerder (Ortsteil);2013-12-31;15 - 18;47;26;13;7;34;19;0;0;176;78
04011313;Peterswerder (Ortsteil);2013-12-31;18 - 25;133;66;78;38;41;21;14;7;535;268
04011313;Peterswerder (Ortsteil);2013-12-31;25 - 30;182;106;110;66;50;24;22;16;579;305
04011313;Peterswerder (Ortsteil);2013-12-31;30 - 50;590;311;325;169;216;116;49;26;2744;1456
04011313;Peterswerder (Ortsteil);2013-12-31;50 - 65;254;126;132;62;92;44;30;20;2028;1162
04011313;Peterswerder (Ortsteil);2013-12-31;65 oder mehr;168;88;94;40;40;25;34;23;1606;974
04011313;Peterswerder (Ortsteil);2013-12-31;Insgesamt;1644;851;781;397;678;344;185;110;8547;4690
04011314;Hulsberg (Ortsteil);2013-12-31;unter 6;109;54;45;20;51;26;13;8;121;47
04011314;Hulsberg (Ortsteil);2013-12-31;6 - 15;76;41;18;9;47;25;11;7;216;113
04011314;Hulsberg (Ortsteil);2013-12-31;15 - 18;29;14;14;8;14;6;1;0;89;41
04011314;Hulsberg (Ortsteil);2013-12-31;18 - 25;124;60;71;33;43;24;10;3;341;190
04011314;Hulsberg (Ortsteil);2013-12-31;25 - 30;145;83;96;48;36;26;13;9;361;187
04011314;Hulsberg (Ortsteil);2013-12-31;30 - 50;492;210;331;129;127;63;34;18;1179;601
04011314;Hulsberg (Ortsteil);2013-12-31;50 - 65;166;77;101;44;52;26;13;7;927;488
04011314;Hulsberg (Ortsteil);2013-12-31;65 oder mehr;92;50;50;24;22;11;20;15;771;473
04011314;Hulsberg (Ortsteil);2013-12-31;Insgesamt;1233;589;726;315;392;207;115;67;4005;2140
0401132;Schwachhausen (Stadtteil);2013-12-31;unter 6;595;291;113;56;371;182;111;53;1187;586
0401132;Schwachhausen (Stadtteil);2013-12-31;6 - 15;568;276;116;57;397;193;55;26;1713;759
0401132;Schwachhausen (Stadtteil);2013-12-31;15 - 18;168;81;46;26;110;48;12;7;632;296
0401132;Schwachhausen (Stadtteil);2013-12-31;18 - 25;475;282;241;145;183;111;51;26;2026;1075
0401132;Schwachhausen (Stadtteil);2013-12-31;25 - 30;638;340;349;195;191;91;98;54;2441;1295
0401132;Schwachhausen (Stadtteil);2013-12-31;30 - 50;2264;1244;1286;704;773;423;205;117;9070;4578
0401132;Schwachhausen (Stadtteil);2013-12-31;50 - 65;876;469;421;211;362;200;93;58;6565;3619
0401132;Schwachhausen (Stadtteil);2013-12-31;65 oder mehr;765;451;244;131;271;170;250;150;8202;5000
0401132;Schwachhausen (Stadtteil);2013-12-31;Insgesamt;6349;3434;2816;1525;2658;1418;875;491;31836;17208
04011321;Neu-Schwachhausen (Ortsteil);2013-12-31;unter 6;100;51;30;15;55;27;15;9;171;79
04011321;Neu-Schwachhausen (Ortsteil);2013-12-31;6 - 15;119;51;44;19;63;28;12;4;230;100
04011321;Neu-Schwachhausen (Ortsteil);2013-12-31;15 - 18;27;14;14;10;12;3;1;1;80;35
04011321;Neu-Schwachhausen (Ortsteil);2013-12-31;18 - 25;83;51;46;30;23;14;14;7;344;190
04011321;Neu-Schwachhausen (Ortsteil);2013-12-31;25 - 30;102;59;62;33;20;12;20;14;467;246
04011321;Neu-Schwachhausen (Ortsteil);2013-12-31;30 - 50;371;201;199;108;133;72;39;21;1373;678
04011321;Neu-Schwachhausen (Ortsteil);2013-12-31;50 - 65;116;51;48;17;52;24;16;10;873;483
04011321;Neu-Schwachhausen (Ortsteil);2013-12-31;65 oder mehr;116;72;34;22;40;27;42;23;1425;938
04011321;Neu-Schwachhausen (Ortsteil);2013-12-31;Insgesamt;1034;550;477;254;398;207;159;89;4963;2749
04011322;Bürgerpark (Ortsteil);2013-12-31;unter 6;62;25;10;4;43;19;9;2;133;64
04011322;Bürgerpark (Ortsteil);2013-12-31;6 - 15;55;29;9;5;40;21;6;3;193;87
04011322;Bürgerpark (Ortsteil);2013-12-31;15 - 18;19;12;5;3;12;7;2;2;72;33
04011322;Bürgerpark (Ortsteil);2013-12-31;18 - 25;56;33;29;18;22;14;5;1;251;142
04011322;Bürgerpark (Ortsteil);2013-12-31;25 - 30;78;42;44;24;15;7;19;11;257;134
04011322;Bürgerpark (Ortsteil);2013-12-31;30 - 50;222;117;136;69;66;38;20;10;1114;567
04011322;Bürgerpark (Ortsteil);2013-12-31;50 - 65;94;55;55;32;34;20;5;3;845;443
04011322;Bürgerpark (Ortsteil);2013-12-31;65 oder mehr;81;46;23;11;32;20;26;15;960;573
04011322;Bürgerpark (Ortsteil);2013-12-31;Insgesamt;667;359;311;166;264;146;92;47;3825;2043
04011323;Barkhof (Ortsteil);2013-12-31;unter 6;60;27;15;7;37;15;8;5;88;46
04011323;Barkhof (Ortsteil);2013-12-31;6 - 15;25;13;6;2;19;11;0;0;90;44
04011323;Barkhof (Ortsteil);2013-12-31;15 - 18;5;1;2;1;3;0;0;0;29;10
04011323;Barkhof (Ortsteil);2013-12-31;18 - 25;41;28;21;16;16;10;4;2;170;101
04011323;Barkhof (Ortsteil);2013-12-31;25 - 30;68;36;40;22;21;11;7;3;236;126
04011323;Barkhof (Ortsteil);2013-12-31;30 - 50;220;107;138;68;73;35;9;4;805;381
04011323;Barkhof (Ortsteil);2013-12-31;50 - 65;74;39;35;16;31;18;8;5;499;248
04011323;Barkhof (Ortsteil);2013-12-31;65 oder mehr;67;37;29;12;21;15;17;10;455;264
04011323;Barkhof (Ortsteil);2013-12-31;Insgesamt;560;288;286;144;221;115;53;29;2372;1220
04011324;Riensberg (Ortsteil);2013-12-31;unter 6;96;43;14;6;49;23;33;14;175;90
04011324;Riensberg (Ortsteil);2013-12-31;6 - 15;80;40;13;7;55;29;12;4;302;125
04011324;Riensberg (Ortsteil);2013-12-31;15 - 18;36;19;5;4;27;14;4;1;97;43
04011324;Riensberg (Ortsteil);2013-12-31;18 - 25;58;36;26;16;27;17;5;3;324;175
04011324;Riensberg (Ortsteil);2013-12-31;25 - 30;87;42;43;23;35;14;9;5;417;224
04011324;Riensberg (Ortsteil);2013-12-31;30 - 50;340;189;172;98;128;70;40;21;1410;732
04011324;Riensberg (Ortsteil);2013-12-31;50 - 65;138;74;61;27;62;38;15;9;979;555
04011324;Riensberg (Ortsteil);2013-12-31;65 oder mehr;129;82;33;20;44;27;52;35;1444;936
04011324;Riensberg (Ortsteil);2013-12-31;Insgesamt;964;525;367;201;427;232;170;92;5148;2880
04011325;Radio Bremen (Ortsteil);2013-12-31;unter 6;136;69;19;11;97;48;20;10;258;122
04011325;Radio Bremen (Ortsteil);2013-12-31;6 - 15;147;75;25;12;109;55;13;8;349;175
04011325;Radio Bremen (Ortsteil);2013-12-31;15 - 18;35;17;8;4;26;12;1;1;129;61
04011325;Radio Bremen (Ortsteil);2013-12-31;18 - 25;91;50;35;20;43;23;13;7;382;207
04011325;Radio Bremen (Ortsteil);2013-12-31;25 - 30;129;75;68;42;41;23;20;10;378;186
04011325;Radio Bremen (Ortsteil);2013-12-31;30 - 50;488;271;278;163;166;80;44;28;1631;821
04011325;Radio Bremen (Ortsteil);2013-12-31;50 - 65;198;114;98;57;78;45;22;12;1219;678
04011325;Radio Bremen (Ortsteil);2013-12-31;65 oder mehr;165;97;56;27;55;38;54;32;1650;959
04011325;Radio Bremen (Ortsteil);2013-12-31;Insgesamt;1389;768;587;336;615;324;187;108;5996;3209
04011326;Schwachhausen (Ortsteil);2013-12-31;unter 6;46;24;8;3;30;18;8;3;132;69
04011326;Schwachhausen (Ortsteil);2013-12-31;6 - 15;49;23;4;3;40;16;5;4;178;78
04011326;Schwachhausen (Ortsteil);2013-12-31;15 - 18;9;4;3;1;6;3;0;0;70;39
04011326;Schwachhausen (Ortsteil);2013-12-31;18 - 25;36;21;17;11;17;8;2;2;157;73
04011326;Schwachhausen (Ortsteil);2013-12-31;25 - 30;51;21;29;13;17;6;5;2;212;119
04011326;Schwachhausen (Ortsteil);2013-12-31;30 - 50;190;117;106;66;66;38;18;13;839;439
04011326;Schwachhausen (Ortsteil);2013-12-31;50 - 65;75;49;36;21;34;24;5;4;645;356
04011326;Schwachhausen (Ortsteil);2013-12-31;65 oder mehr;57;35;20;15;20;11;17;9;720;437
04011326;Schwachhausen (Ortsteil);2013-12-31;Insgesamt;513;294;223;133;230;124;60;37;2953;1610
04011327;Gete (Ortsteil);2013-12-31;unter 6;95;52;17;10;60;32;18;10;230;116
04011327;Gete (Ortsteil);2013-12-31;6 - 15;93;45;15;9;71;33;7;3;371;150
04011327;Gete (Ortsteil);2013-12-31;15 - 18;37;14;9;3;24;9;4;2;155;75
04011327;Gete (Ortsteil);2013-12-31;18 - 25;110;63;67;34;35;25;8;4;398;187
04011327;Gete (Ortsteil);2013-12-31;25 - 30;123;65;63;38;42;18;18;9;474;260
04011327;Gete (Ortsteil);2013-12-31;30 - 50;433;242;257;132;141;90;35;20;1898;960
04011327;Gete (Ortsteil);2013-12-31;50 - 65;181;87;88;41;71;31;22;15;1505;856
04011327;Gete (Ortsteil);2013-12-31;65 oder mehr;150;82;49;24;59;32;42;26;1548;893
04011327;Gete (Ortsteil);2013-12-31;Insgesamt;1222;650;565;291;503;270;154;89;6579;3497
0401133;Vahr (Stadtteil);2013-12-31;unter 6;1012;493;150;76;515;245;347;172;390;171
0401133;Vahr (Stadtteil);2013-12-31;6 - 15;1361;640;231;100;821;374;309;166;545;249
0401133;Vahr (Stadtteil);2013-12-31;15 - 18;418;192;135;61;189;97;94;34;257;116
0401133;Vahr (Stadtteil);2013-12-31;18 - 25;963;485;311;160;375;180;277;145;1290;648
0401133;Vahr (Stadtteil);2013-12-31;25 - 30;964;475;353;190;314;147;297;138;956;456
0401133;Vahr (Stadtteil);2013-12-31;30 - 50;3610;1913;1586;937;1145;552;879;424;3137;1519
0401133;Vahr (Stadtteil);2013-12-31;50 - 65;2291;1267;687;394;797;421;807;452;2979;1525
0401133;Vahr (Stadtteil);2013-12-31;65 oder mehr;1604;951;468;244;543;322;593;385;4890;3098
0401133;Vahr (Stadtteil);2013-12-31;Insgesamt;12223;6416;3921;2162;4699;2338;3603;1916;14444;7782
04011331;Gartenstadt Vahr (Ortsteil);2013-12-31;unter 6;171;81;29;12;102;45;40;24;146;59
04011331;Gartenstadt Vahr (Ortsteil);2013-12-31;6 - 15;228;104;38;19;156;66;34;19;227;112
04011331;Gartenstadt Vahr (Ortsteil);2013-12-31;15 - 18;74;38;26;13;42;23;6;2;100;39
04011331;Gartenstadt Vahr (Ortsteil);2013-12-31;18 - 25;172;81;79;35;75;40;18;6;334;165
04011331;Gartenstadt Vahr (Ortsteil);2013-12-31;25 - 30;188;107;85;44;68;42;35;21;271;128
04011331;Gartenstadt Vahr (Ortsteil);2013-12-31;30 - 50;692;363;327;188;271;128;94;47;1236;594
04011331;Gartenstadt Vahr (Ortsteil);2013-12-31;50 - 65;423;226;158;85;174;89;91;52;1124;562
04011331;Gartenstadt Vahr (Ortsteil);2013-12-31;65 oder mehr;280;155;94;49;94;50;92;56;1863;1160
04011331;Gartenstadt Vahr (Ortsteil);2013-12-31;Insgesamt;2228;1155;836;445;982;483;410;227;5301;2819
04011332;Neue Vahr Nord (Ortsteil);2013-12-31;unter 6;395;204;58;37;180;93;157;74;120;59
04011332;Neue Vahr Nord (Ortsteil);2013-12-31;6 - 15;575;281;105;43;308;148;162;90;139;58
04011332;Neue Vahr Nord (Ortsteil);2013-12-31;15 - 18;175;74;48;17;78;40;49;17;64;35
04011332;Neue Vahr Nord (Ortsteil);2013-12-31;18 - 25;363;189;111;64;123;61;129;64;444;225
04011332;Neue Vahr Nord (Ortsteil);2013-12-31;25 - 30;348;168;117;66;110;49;121;53;293;135
04011332;Neue Vahr Nord (Ortsteil);2013-12-31;30 - 50;1289;700;564;330;344;180;381;190;703;359
04011332;Neue Vahr Nord (Ortsteil);2013-12-31;50 - 65;712;379;206;118;220;106;286;155;652;328
04011332;Neue Vahr Nord (Ortsteil);2013-12-31;65 oder mehr;439;244;113;54;130;66;196;124;1079;670
04011332;Neue Vahr Nord (Ortsteil);2013-12-31;Insgesamt;4296;2239;1322;729;1493;743;1481;767;3494;1869
04011334;Neue Vahr Südwest (Ortsteil);2013-12-31;unter 6;121;52;12;2;62;26;47;24;48;23
04011334;Neue Vahr Südwest (Ortsteil);2013-12-31;6 - 15;161;80;21;9;106;54;34;17;53;21
04011334;Neue Vahr Südwest (Ortsteil);2013-12-31;15 - 18;43;23;12;7;22;12;9;4;30;13
04011334;Neue Vahr Südwest (Ortsteil);2013-12-31;18 - 25;148;85;29;17;73;37;46;31;198;104
04011334;Neue Vahr Südwest (Ortsteil);2013-12-31;25 - 30;142;65;36;15;56;24;50;26;135;64
04011334;Neue Vahr Südwest (Ortsteil);2013-12-31;30 - 50;509;272;197;118;163;78;149;76;437;210
04011334;Neue Vahr Südwest (Ortsteil);2013-12-31;50 - 65;411;253;97;63;152;91;162;99;428;235
04011334;Neue Vahr Südwest (Ortsteil);2013-12-31;65 oder mehr;417;270;116;65;145;99;156;106;851;561
04011334;Neue Vahr Südwest (Ortsteil);2013-12-31;Insgesamt;1952;1100;520;296;779;421;653;383;2180;1231
04011335;Neue Vahr Südost (Ortsteil);2013-12-31;unter 6;325;156;51;25;171;81;103;50;76;30
04011335;Neue Vahr Südost (Ortsteil);2013-12-31;6 - 15;397;175;67;29;251;106;79;40;126;58
04011335;Neue Vahr Südost (Ortsteil);2013-12-31;15 - 18;126;57;49;24;47;22;30;11;63;29
04011335;Neue Vahr Südost (Ortsteil);2013-12-31;18 - 25;280;130;92;44;104;42;84;44;314;154
04011335;Neue Vahr Südost (Ortsteil);2013-12-31;25 - 30;286;135;115;65;80;32;91;38;257;129
04011335;Neue Vahr Südost (Ortsteil);2013-12-31;30 - 50;1120;578;498;301;367;166;255;111;761;356
04011335;Neue Vahr Südost (Ortsteil);2013-12-31;50 - 65;745;409;226;128;251;135;268;146;775;400
04011335;Neue Vahr Südost (Ortsteil);2013-12-31;65 oder mehr;468;282;145;76;174;107;149;99;1097;707
04011335;Neue Vahr Südost (Ortsteil);2013-12-31;Insgesamt;3747;1922;1243;692;1445;691;1059;539;3469;1863
0401134;Horn-Lehe (Stadtteil);2013-12-31;unter 6;427;201;68;29;236;110;123;62;658;318
0401134;Horn-Lehe (Stadtteil);2013-12-31;6 - 15;581;284;92;44;384;183;105;57;1069;523
0401134;Horn-Lehe (Stadtteil);2013-12-31;15 - 18;157;82;27;12;109;58;21;12;469;223
0401134;Horn-Lehe (Stadtteil);2013-12-31;18 - 25;820;408;460;225;227;111;133;72;2041;1009
0401134;Horn-Lehe (Stadtteil);2013-12-31;25 - 30;808;380;500;237;168;68;140;75;1338;637
0401134;Horn-Lehe (Stadtteil);2013-12-31;30 - 50;1796;923;889;468;636;315;271;140;4776;2306
0401134;Horn-Lehe (Stadtteil);2013-12-31;50 - 65;727;379;238;118;345;180;144;81;3562;1911
0401134;Horn-Lehe (Stadtteil);2013-12-31;65 oder mehr;532;311;143;70;189;115;200;126;5683;3443
0401134;Horn-Lehe (Stadtteil);2013-12-31;Insgesamt;5848;2968;2417;1203;2294;1140;1137;625;19596;10370
04011341;Horn (Ortsteil);2013-12-31;unter 6;83;39;12;8;42;15;29;16;123;51
04011341;Horn (Ortsteil);2013-12-31;6 - 15;123;61;13;9;82;38;28;14;260;123
04011341;Horn (Ortsteil);2013-12-31;15 - 18;49;26;3;1;35;18;11;7;108;56
04011341;Horn (Ortsteil);2013-12-31;18 - 25;78;44;21;13;43;22;14;9;243;122
04011341;Horn (Ortsteil);2013-12-31;25 - 30;61;34;25;14;23;12;13;8;155;78
04011341;Horn (Ortsteil);2013-12-31;30 - 50;335;179;107;67;170;80;58;32;886;444
04011341;Horn (Ortsteil);2013-12-31;50 - 65;159;87;37;20;85;45;37;22;756;399
04011341;Horn (Ortsteil);2013-12-31;65 oder mehr;124;76;23;10;44;27;57;39;1211;721
04011341;Horn (Ortsteil);2013-12-31;Insgesamt;1012;546;241;142;524;257;247;147;3742;1994
04011342;Lehe (Ortsteil);2013-12-31;unter 6;87;43;19;7;46;25;22;11;154;77
04011342;Lehe (Ortsteil);2013-12-31;6 - 15;141;73;25;14;94;48;22;11;269;136
04011342;Lehe (Ortsteil);2013-12-31;15 - 18;32;15;9;1;20;13;3;1;146;67
04011342;Lehe (Ortsteil);2013-12-31;18 - 25;556;268;373;182;120;60;63;26;1141;554
04011342;Lehe (Ortsteil);2013-12-31;25 - 30;524;221;388;169;77;27;59;25;624;266
04011342;Lehe (Ortsteil);2013-12-31;30 - 50;630;301;424;198;141;72;65;31;1509;708
04011342;Lehe (Ortsteil);2013-12-31;50 - 65;199;98;74;36;94;45;31;17;1071;592
04011342;Lehe (Ortsteil);2013-12-31;65 oder mehr;123;79;31;14;44;30;48;35;1671;1057
04011342;Lehe (Ortsteil);2013-12-31;Insgesamt;2292;1098;1343;621;636;320;313;157;6585;3457
04011343;Lehesterdeich (Ortsteil);2013-12-31;unter 6;257;119;37;14;148;70;72;35;381;190
04011343;Lehesterdeich (Ortsteil);2013-12-31;6 - 15;317;150;54;21;208;97;55;32;540;264
04011343;Lehesterdeich (Ortsteil);2013-12-31;15 - 18;76;41;15;10;54;27;7;4;215;100
04011343;Lehesterdeich (Ortsteil);2013-12-31;18 - 25;186;96;66;30;64;29;56;37;657;333
04011343;Lehesterdeich (Ortsteil);2013-12-31;25 - 30;223;125;87;54;68;29;68;42;559;293
04011343;Lehesterdeich (Ortsteil);2013-12-31;30 - 50;831;443;358;203;325;163;148;77;2381;1154
04011343;Lehesterdeich (Ortsteil);2013-12-31;50 - 65;369;194;127;62;166;90;76;42;1735;920
04011343;Lehesterdeich (Ortsteil);2013-12-31;65 oder mehr;285;156;89;46;101;58;95;52;2801;1665
04011343;Lehesterdeich (Ortsteil);2013-12-31;Insgesamt;2544;1324;833;440;1134;563;577;321;9269;4919
04011351;Borgfeld (Ortsteil);2013-12-31;unter 6;145;76;9;4;90;47;46;25;472;246
04011351;Borgfeld (Ortsteil);2013-12-31;6 - 15;243;122;19;7;183;93;41;22;921;466
04011351;Borgfeld (Ortsteil);2013-12-31;15 - 18;70;25;25;5;40;18;5;2;298;138
04011351;Borgfeld (Ortsteil);2013-12-31;18 - 25;78;35;30;16;40;19;8;0;386;180
04011351;Borgfeld (Ortsteil);2013-12-31;25 - 30;40;21;22;12;13;7;5;2;147;73
04011351;Borgfeld (Ortsteil);2013-12-31;30 - 50;434;248;183;114;183;91;68;43;2470;1271
04011351;Borgfeld (Ortsteil);2013-12-31;50 - 65;173;84;65;31;76;37;32;16;1489;726
04011351;Borgfeld (Ortsteil);2013-12-31;65 oder mehr;112;56;35;19;43;17;34;20;1480;786
04011351;Borgfeld (Ortsteil);2013-12-31;Insgesamt;1295;667;388;208;668;329;239;130;7663;3886
0401136;Oberneuland (Stadtteil);2013-12-31;unter 6;224;112;33;17;109;54;82;41;401;200
0401136;Oberneuland (Stadtteil);2013-12-31;6 - 15;274;133;51;23;187;93;36;17;829;362
0401136;Oberneuland (Stadtteil);2013-12-31;15 - 18;98;53;24;12;56;33;18;8;315;153
0401136;Oberneuland (Stadtteil);2013-12-31;18 - 25;180;91;69;38;82;40;29;13;601;303
0401136;Oberneuland (Stadtteil);2013-12-31;25 - 30;122;70;45;29;38;20;39;21;304;145
0401136;Oberneuland (Stadtteil);2013-12-31;30 - 50;686;392;304;173;254;150;128;69;2521;1336
0401136;Oberneuland (Stadtteil);2013-12-31;50 - 65;417;226;120;69;203;107;94;50;2236;1110
0401136;Oberneuland (Stadtteil);2013-12-31;65 oder mehr;293;154;75;40;113;62;105;52;3366;1853
0401136;Oberneuland (Stadtteil);2013-12-31;Insgesamt;2294;1231;721;401;1042;559;531;271;10573;5462
04011361;Oberneuland (Ortsteil);2013-12-31;unter 6;224;112;33;17;109;54;82;41;401;200
04011361;Oberneuland (Ortsteil);2013-12-31;6 - 15;274;133;51;23;187;93;36;17;829;362
04011361;Oberneuland (Ortsteil);2013-12-31;15 - 18;98;53;24;12;56;33;18;8;315;153
04011361;Oberneuland (Ortsteil);2013-12-31;18 - 25;180;91;69;38;82;40;29;13;601;303
04011361;Oberneuland (Ortsteil);2013-12-31;25 - 30;122;70;45;29;38;20;39;21;304;145
04011361;Oberneuland (Ortsteil);2013-12-31;30 - 50;686;392;304;173;254;150;128;69;2521;1336
04011361;Oberneuland (Ortsteil);2013-12-31;50 - 65;417;226;120;69;203;107;94;50;2236;1110
04011361;Oberneuland (Ortsteil);2013-12-31;65 oder mehr;293;154;75;40;113;62;105;52;3366;1853
04011361;Oberneuland (Ortsteil);2013-12-31;Insgesamt;2294;1231;721;401;1042;559;531;271;10573;5462
0401137;Osterholz (Stadtteil);2013-12-31;unter 6;1478;716;154;80;786;372;538;264;545;283
0401137;Osterholz (Stadtteil);2013-12-31;6 - 15;2431;1197;360;162;1569;789;502;246;936;463
0401137;Osterholz (Stadtteil);2013-12-31;15 - 18;843;412;258;132;435;203;150;77;476;237
0401137;Osterholz (Stadtteil);2013-12-31;18 - 25;1564;740;511;249;711;324;342;167;1564;767
0401137;Osterholz (Stadtteil);2013-12-31;25 - 30;1300;634;410;203;470;232;420;199;912;435
0401137;Osterholz (Stadtteil);2013-12-31;30 - 50;5041;2589;2176;1172;1679;832;1186;585;4204;2037
0401137;Osterholz (Stadtteil);2013-12-31;50 - 65;3264;1632;984;477;1161;595;1119;560;4364;2213
0401137;Osterholz (Stadtteil);2013-12-31;65 oder mehr;1740;968;576;289;542;298;622;381;6758;4016
0401137;Osterholz (Stadtteil);2013-12-31;Insgesamt;17661;8888;5429;2764;7353;3645;4879;2479;19759;10451
04011371;Ellener Feld (Ortsteil);2013-12-31;unter 6;44;26;3;2;25;15;16;9;43;23
04011371;Ellener Feld (Ortsteil);2013-12-31;6 - 15;73;43;3;3;50;29;20;11;90;48
04011371;Ellener Feld (Ortsteil);2013-12-31;15 - 18;29;14;5;2;19;8;5;4;46;18
04011371;Ellener Feld (Ortsteil);2013-12-31;18 - 25;75;37;19;10;39;17;17;10;170;90
04011371;Ellener Feld (Ortsteil);2013-12-31;25 - 30;56;31;18;12;20;12;18;7;95;44
04011371;Ellener Feld (Ortsteil);2013-12-31;30 - 50;237;116;100;52;86;38;51;26;502;244
04011371;Ellener Feld (Ortsteil);2013-12-31;50 - 65;155;78;46;24;71;34;38;20;525;270
04011371;Ellener Feld (Ortsteil);2013-12-31;65 oder mehr;88;54;21;13;37;22;30;19;869;520
04011371;Ellener Feld (Ortsteil);2013-12-31;Insgesamt;757;399;215;118;347;175;195;106;2340;1257
04011372;Ellenerbrok-Schevemoor (Ortsteil);2013-12-31;unter 6;419;199;41;27;215;97;163;75;176;95
04011372;Ellenerbrok-Schevemoor (Ortsteil);2013-12-31;6 - 15;668;354;96;48;445;240;127;66;330;171
04011372;Ellenerbrok-Schevemoor (Ortsteil);2013-12-31;15 - 18;211;111;63;36;105;51;43;24;167;83
04011372;Ellenerbrok-Schevemoor (Ortsteil);2013-12-31;18 - 25;384;185;134;65;166;77;84;43;545;276
04011372;Ellenerbrok-Schevemoor (Ortsteil);2013-12-31;25 - 30;369;175;116;54;144;70;109;51;343;164
04011372;Ellenerbrok-Schevemoor (Ortsteil);2013-12-31;30 - 50;1419;726;594;314;495;248;330;164;1563;748
04011372;Ellenerbrok-Schevemoor (Ortsteil);2013-12-31;50 - 65;915;492;257;147;322;173;336;172;1507;772
04011372;Ellenerbrok-Schevemoor (Ortsteil);2013-12-31;65 oder mehr;529;279;192;90;155;82;182;107;2401;1413
04011372;Ellenerbrok-Schevemoor (Ortsteil);2013-12-31;Insgesamt;4914;2521;1493;781;2047;1038;1374;702;7032;3722
04011373;Tenever (Ortsteil);2013-12-31;unter 6;610;290;76;33;332;160;202;97;135;65
04011373;Tenever (Ortsteil);2013-12-31;6 - 15;1015;479;194;82;650;321;171;76;178;96
04011373;Tenever (Ortsteil);2013-12-31;15 - 18;378;177;117;60;197;87;64;30;89;45
04011373;Tenever (Ortsteil);2013-12-31;18 - 25;674;313;218;108;318;146;138;59;314;161
04011373;Tenever (Ortsteil);2013-12-31;25 - 30;494;238;152;69;186;96;156;73;171;96
04011373;Tenever (Ortsteil);2013-12-31;30 - 50;1742;914;859;467;523;270;360;177;681;328
04011373;Tenever (Ortsteil);2013-12-31;50 - 65;1108;530;367;164;395;196;346;170;739;373
04011373;Tenever (Ortsteil);2013-12-31;65 oder mehr;589;344;175;90;182;104;232;150;1328;823
04011373;Tenever (Ortsteil);2013-12-31;Insgesamt;6610;3285;2158;1073;2783;1380;1669;832;3635;1987
04011374;Osterholz (Ortsteil);2013-12-31;unter 6;123;57;8;4;63;31;52;22;123;71
04011374;Osterholz (Ortsteil);2013-12-31;6 - 15;232;118;12;6;151;69;69;43;223;104
04011374;Osterholz (Ortsteil);2013-12-31;15 - 18;90;39;26;8;50;23;14;8;122;68
04011374;Osterholz (Ortsteil);2013-12-31;18 - 25;120;52;33;12;56;25;31;15;277;116
04011374;Osterholz (Ortsteil);2013-12-31;25 - 30;108;55;29;16;43;23;36;16;168;69
04011374;Osterholz (Ortsteil);2013-12-31;30 - 50;545;277;145;84;239;109;161;84;886;442
04011374;Osterholz (Ortsteil);2013-12-31;50 - 65;282;139;64;29;130;68;88;42;935;466
04011374;Osterholz (Ortsteil);2013-12-31;65 oder mehr;96;52;38;19;32;18;26;15;1062;602
04011374;Osterholz (Ortsteil);2013-12-31;Insgesamt;1596;789;355;178;764;366;477;245;3796;1938
04011375;Blockdiek (Ortsteil);2013-12-31;unter 6;282;144;26;14;151;69;105;61;68;29
04011375;Blockdiek (Ortsteil);2013-12-31;6 - 15;443;203;55;23;273;130;115;50;115;44
04011375;Blockdiek (Ortsteil);2013-12-31;15 - 18;135;71;47;26;64;34;24;11;52;23
04011375;Blockdiek (Ortsteil);2013-12-31;18 - 25;311;153;107;54;132;59;72;40;258;124
04011375;Blockdiek (Ortsteil);2013-12-31;25 - 30;273;135;95;52;77;31;101;52;135;62
04011375;Blockdiek (Ortsteil);2013-12-31;30 - 50;1098;556;478;255;336;167;284;134;572;275
04011375;Blockdiek (Ortsteil);2013-12-31;50 - 65;804;393;250;113;243;124;311;156;658;332
04011375;Blockdiek (Ortsteil);2013-12-31;65 oder mehr;438;239;150;77;136;72;152;90;1098;658
04011375;Blockdiek (Ortsteil);2013-12-31;Insgesamt;3784;1894;1208;614;1412;686;1164;594;2956;1547
0401138;Hemelingen (Stadtteil);2013-12-31;unter 6;1229;608;262;122;709;357;258;129;827;394
0401138;Hemelingen (Stadtteil);2013-12-31;6 - 15;1619;740;410;191;985;443;224;106;1618;750
0401138;Hemelingen (Stadtteil);2013-12-31;15 - 18;576;249;248;115;279;113;49;21;714;346
0401138;Hemelingen (Stadtteil);2013-12-31;18 - 25;1311;647;699;333;472;238;140;76;2301;1151
0401138;Hemelingen (Stadtteil);2013-12-31;25 - 30;1109;514;613;277;330;153;166;84;1746;808
0401138;Hemelingen (Stadtteil);2013-12-31;30 - 50;4291;2018;2451;1159;1337;602;503;257;7889;3830
0401138;Hemelingen (Stadtteil);2013-12-31;50 - 65;1907;954;910;450;570;285;427;219;6693;3325
0401138;Hemelingen (Stadtteil);2013-12-31;65 oder mehr;1054;538;600;276;229;127;225;135;7213;4102
0401138;Hemelingen (Stadtteil);2013-12-31;Insgesamt;13096;6268;6193;2923;4911;2318;1992;1027;29001;14706
04011381;Sebaldsbrück (Ortsteil);2013-12-31;unter 6;296;157;45;25;186;98;65;34;193;87
04011381;Sebaldsbrück (Ortsteil);2013-12-31;6 - 15;359;168;59;26;253;118;47;24;319;147
04011381;Sebaldsbrück (Ortsteil);2013-12-31;15 - 18;117;52;37;21;77;29;3;2;167;95
04011381;Sebaldsbrück (Ortsteil);2013-12-31;18 - 25;334;172;158;78;133;72;43;22;532;269
04011381;Sebaldsbrück (Ortsteil);2013-12-31;25 - 30;266;129;167;75;69;35;30;19;411;181
04011381;Sebaldsbrück (Ortsteil);2013-12-31;30 - 50;1061;507;552;280;384;168;125;59;1640;793
04011381;Sebaldsbrück (Ortsteil);2013-12-31;50 - 65;499;267;236;135;165;84;98;48;1577;792
04011381;Sebaldsbrück (Ortsteil);2013-12-31;65 oder mehr;261;137;152;71;53;36;56;30;1852;1055
04011381;Sebaldsbrück (Ortsteil);2013-12-31;Insgesamt;3193;1589;1406;711;1320;640;467;238;6691;3419
04011382;Hastedt (Ortsteil);2013-12-31;unter 6;226;114;68;37;135;66;23;11;223;112
04011382;Hastedt (Ortsteil);2013-12-31;6 - 15;238;101;84;42;139;54;15;5;421;191
04011382;Hastedt (Ortsteil);2013-12-31;15 - 18;94;36;40;15;47;19;7;2;154;66
04011382;Hastedt (Ortsteil);2013-12-31;18 - 25;282;125;173;65;82;45;27;15;656;340
04011382;Hastedt (Ortsteil);2013-12-31;25 - 30;305;142;191;89;77;34;37;19;583;279
04011382;Hastedt (Ortsteil);2013-12-31;30 - 50;952;424;654;279;241;111;57;34;2416;1168
04011382;Hastedt (Ortsteil);2013-12-31;50 - 65;317;142;198;83;91;46;28;13;1777;915
04011382;Hastedt (Ortsteil);2013-12-31;65 oder mehr;209;102;121;51;47;25;41;26;1591;950
04011382;Hastedt (Ortsteil);2013-12-31;Insgesamt;2623;1186;1529;661;859;400;235;125;7821;4021
04011383;Hemelingen (Ortsteil);2013-12-31;unter 6;426;199;125;47;241;120;60;32;175;83
04011383;Hemelingen (Ortsteil);2013-12-31;6 - 15;616;282;211;97;352;158;53;27;310;143
04011383;Hemelingen (Ortsteil);2013-12-31;15 - 18;223;98;126;56;83;37;14;5;149;69
04011383;Hemelingen (Ortsteil);2013-12-31;18 - 25;477;245;297;155;151;74;29;16;530;256
04011383;Hemelingen (Ortsteil);2013-12-31;25 - 30;339;146;196;80;101;48;42;18;396;180
04011383;Hemelingen (Ortsteil);2013-12-31;30 - 50;1416;644;903;414;398;172;115;58;1630;771
04011383;Hemelingen (Ortsteil);2013-12-31;50 - 65;538;255;330;150;123;59;85;46;1386;612
04011383;Hemelingen (Ortsteil);2013-12-31;65 oder mehr;336;169;245;120;57;26;34;23;1426;800
04011383;Hemelingen (Ortsteil);2013-12-31;Insgesamt;4371;2038;2433;1119;1506;694;432;225;6002;2914
04011384;Arbergen (Ortsteil);2013-12-31;unter 6;124;65;8;5;68;34;48;26;141;64
04011384;Arbergen (Ortsteil);2013-12-31;6 - 15;186;84;26;12;116;50;44;22;302;153
04011384;Arbergen (Ortsteil);2013-12-31;15 - 18;58;26;19;10;32;14;7;2;123;52
04011384;Arbergen (Ortsteil);2013-12-31;18 - 25;96;46;23;11;54;25;19;10;280;129
04011384;Arbergen (Ortsteil);2013-12-31;25 - 30;80;41;20;12;38;18;22;11;179;88
04011384;Arbergen (Ortsteil);2013-12-31;30 - 50;347;184;133;80;139;61;75;43;1183;585
04011384;Arbergen (Ortsteil);2013-12-31;50 - 65;208;108;57;31;83;43;68;34;1017;537
04011384;Arbergen (Ortsteil);2013-12-31;65 oder mehr;83;42;31;12;26;14;26;16;1342;749
04011384;Arbergen (Ortsteil);2013-12-31;Insgesamt;1182;596;317;173;556;259;309;164;4567;2357
04011385;Mahndorf (Ortsteil);2013-12-31;unter 6;157;73;16;8;79;39;62;26;95;48
04011385;Mahndorf (Ortsteil);2013-12-31;6 - 15;220;105;30;14;125;63;65;28;266;116
04011385;Mahndorf (Ortsteil);2013-12-31;15 - 18;84;37;26;13;40;14;18;10;121;64
04011385;Mahndorf (Ortsteil);2013-12-31;18 - 25;122;59;48;24;52;22;22;13;303;157
04011385;Mahndorf (Ortsteil);2013-12-31;25 - 30;119;56;39;21;45;18;35;17;177;80
04011385;Mahndorf (Ortsteil);2013-12-31;30 - 50;515;259;209;106;175;90;131;63;1020;513
04011385;Mahndorf (Ortsteil);2013-12-31;50 - 65;345;182;89;51;108;53;148;78;936;469
04011385;Mahndorf (Ortsteil);2013-12-31;65 oder mehr;165;88;51;22;46;26;68;40;1002;548
04011385;Mahndorf (Ortsteil);2013-12-31;Insgesamt;1727;859;508;259;670;325;549;275;3920;1995
040114;West (Stadtbezirk);2013-12-31;unter 6;2710;1281;593;260;1871;898;246;123;1717;841
040114;West (Stadtbezirk);2013-12-31;6 - 15;3603;1755;976;472;2447;1199;180;84;3062;1447
040114;West (Stadtbezirk);2013-12-31;15 - 18;1130;534;580;285;494;222;56;27;1347;650
040114;West (Stadtbezirk);2013-12-31;18 - 25;2977;1512;1743;861;1050;535;184;116;5397;2790
040114;West (Stadtbezirk);2013-12-31;25 - 30;2696;1310;1593;747;811;416;292;147;4588;2360
040114;West (Stadtbezirk);2013-12-31;30 - 50;9649;4390;6289;2889;2777;1215;583;286;16337;7797
040114;West (Stadtbezirk);2013-12-31;50 - 65;3750;1872;2229;1144;1096;493;425;235;13827;6903
040114;West (Stadtbezirk);2013-12-31;65 oder mehr;2373;1105;1480;635;527;268;366;202;14214;8364
040114;West (Stadtbezirk);2013-12-31;Insgesamt;28888;13759;15483;7293;11073;5246;2332;1220;60489;31152
04011411;Blockland (Ortsteil);2013-12-31;unter 6;.;.;.;.;.;.;.;.;.;.
04011411;Blockland (Ortsteil);2013-12-31;6 - 15;.;.;.;.;.;.;.;.;.;.
04011411;Blockland (Ortsteil);2013-12-31;15 - 18;.;.;.;.;.;.;.;.;.;.
04011411;Blockland (Ortsteil);2013-12-31;18 - 25;.;.;.;.;.;.;.;.;.;.
04011411;Blockland (Ortsteil);2013-12-31;25 - 30;.;.;.;.;.;.;.;.;.;.
04011411;Blockland (Ortsteil);2013-12-31;30 - 50;.;.;.;.;.;.;.;.;.;.
04011411;Blockland (Ortsteil);2013-12-31;50 - 65;7;4;6;3;1;1;0;0;75;42
04011411;Blockland (Ortsteil);2013-12-31;65 oder mehr;4;2;1;1;2;0;1;1;92;42
04011411;Blockland (Ortsteil);2013-12-31;Insgesamt;37;16;26;10;7;3;4;3;365;188
0401142;Findorff (Stadtteil);2013-12-31;unter 6;372;183;39;16;265;130;68;37;591;288
0401142;Findorff (Stadtteil);2013-12-31;6 - 15;455;237;64;29;356;191;35;17;1013;466
0401142;Findorff (Stadtteil);2013-12-31;15 - 18;129;70;42;24;74;40;13;6;440;210
0401142;Findorff (Stadtteil);2013-12-31;18 - 25;471;264;221;118;200;111;50;35;1848;986
0401142;Findorff (Stadtteil);2013-12-31;25 - 30;563;304;276;144;174;100;113;60;1816;983
0401142;Findorff (Stadtteil);2013-12-31;30 - 50;1650;830;904;461;608;289;138;80;5797;2846
0401142;Findorff (Stadtteil);2013-12-31;50 - 65;683;340;328;159;273;127;82;54;4480;2336
0401142;Findorff (Stadtteil);2013-12-31;65 oder mehr;470;253;223;106;142;85;105;62;4829;2904
0401142;Findorff (Stadtteil);2013-12-31;Insgesamt;4793;2481;2097;1057;2092;1073;604;351;20814;11019
04011421;Regensburger Straße (Ortsteil);2013-12-31;unter 6;96;47;6;2;79;40;11;5;177;84
04011421;Regensburger Straße (Ortsteil);2013-12-31;6 - 15;140;69;29;14;105;53;6;2;281;125
04011421;Regensburger Straße (Ortsteil);2013-12-31;15 - 18;42;26;13;9;28;17;1;0;137;63
04011421;Regensburger Straße (Ortsteil);2013-12-31;18 - 25;154;83;76;37;66;36;12;10;590;326
04011421;Regensburger Straße (Ortsteil);2013-12-31;25 - 30;155;82;74;39;58;32;23;11;501;262
04011421;Regensburger Straße (Ortsteil);2013-12-31;30 - 50;497;234;305;146;168;76;24;12;1616;827
04011421;Regensburger Straße (Ortsteil);2013-12-31;50 - 65;194;88;108;45;65;29;21;14;1159;584
04011421;Regensburger Straße (Ortsteil);2013-12-31;65 oder mehr;134;66;89;38;29;17;16;11;908;549
04011421;Regensburger Straße (Ortsteil);2013-12-31;Insgesamt;1412;695;700;330;598;300;114;65;5369;2820
04011422;Findorff-Bürgerweide (Ortsteil);2013-12-31;unter 6;123;54;13;4;92;41;18;9;164;73
04011422;Findorff-Bürgerweide (Ortsteil);2013-12-31;6 - 15;110;60;12;5;91;52;7;3;198;86
04011422;Findorff-Bürgerweide (Ortsteil);2013-12-31;15 - 18;22;10;9;4;12;5;1;1;90;43
04011422;Findorff-Bürgerweide (Ortsteil);2013-12-31;18 - 25;145;79;68;33;65;39;12;7;594;315
04011422;Findorff-Bürgerweide (Ortsteil);2013-12-31;25 - 30;203;104;102;50;62;34;39;20;661;378
04011422;Findorff-Bürgerweide (Ortsteil);2013-12-31;30 - 50;504;257;281;150;184;84;39;23;1613;735
04011422;Findorff-Bürgerweide (Ortsteil);2013-12-31;50 - 65;186;81;99;42;75;31;12;8;943;471
04011422;Findorff-Bürgerweide (Ortsteil);2013-12-31;65 oder mehr;114;56;59;27;38;23;17;6;789;460
04011422;Findorff-Bürgerweide (Ortsteil);2013-12-31;Insgesamt;1407;701;643;315;619;309;145;77;5052;2561
04011423;Weidedamm (Ortsteil);2013-12-31;unter 6;151;81;20;10;92;48;39;23;250;131
04011423;Weidedamm (Ortsteil);2013-12-31;6 - 15;202;106;23;10;157;84;22;12;527;251
04011423;Weidedamm (Ortsteil);2013-12-31;15 - 18;63;33;20;11;33;17;10;5;206;101
04011423;Weidedamm (Ortsteil);2013-12-31;18 - 25;170;102;75;48;69;36;26;18;656;340
04011423;Weidedamm (Ortsteil);2013-12-31;25 - 30;204;118;99;55;54;34;51;29;649;339
04011423;Weidedamm (Ortsteil);2013-12-31;30 - 50;641;335;312;162;256;129;73;44;2538;1271
04011423;Weidedamm (Ortsteil);2013-12-31;50 - 65;298;168;118;71;133;67;47;30;2319;1257
04011423;Weidedamm (Ortsteil);2013-12-31;65 oder mehr;220;131;74;41;75;45;71;45;3038;1841
04011423;Weidedamm (Ortsteil);2013-12-31;Insgesamt;1949;1074;741;408;869;460;339;206;10183;5531
04011424;In den Hufen (Ortsteil);2013-12-31;unter 6;.;.;.;.;.;.;.;.;.;.
04011424;In den Hufen (Ortsteil);2013-12-31;6 - 15;.;.;.;.;.;.;.;.;.;.
04011424;In den Hufen (Ortsteil);2013-12-31;15 - 18;.;.;.;.;.;.;.;.;.;.
04011424;In den Hufen (Ortsteil);2013-12-31;18 - 25;.;.;.;.;.;.;.;.;.;.
04011424;In den Hufen (Ortsteil);2013-12-31;25 - 30;.;.;.;.;.;.;.;.;.;.
04011424;In den Hufen (Ortsteil);2013-12-31;30 - 50;.;.;.;.;.;.;.;.;.;.
04011424;In den Hufen (Ortsteil);2013-12-31;50 - 65;5;3;3;1;0;0;2;2;59;24
04011424;In den Hufen (Ortsteil);2013-12-31;65 oder mehr;2;0;1;0;0;0;1;0;94;54
04011424;In den Hufen (Ortsteil);2013-12-31;Insgesamt;25;11;13;4;6;4;6;3;210;107
0401143;Walle (Stadtteil);2013-12-31;unter 6;758;366;128;54;566;281;64;31;503;262
0401143;Walle (Stadtteil);2013-12-31;6 - 15;975;479;228;114;701;344;46;21;969;424
0401143;Walle (Stadtteil);2013-12-31;15 - 18;316;153;154;82;148;65;14;6;436;210
0401143;Walle (Stadtteil);2013-12-31;18 - 25;886;458;519;261;309;161;58;36;1796;931
0401143;Walle (Stadtteil);2013-12-31;25 - 30;849;413;500;238;265;133;84;42;1520;763
0401143;Walle (Stadtteil);2013-12-31;30 - 50;2873;1337;1850;865;878;390;145;82;5457;2612
0401143;Walle (Stadtteil);2013-12-31;50 - 65;1135;557;702;349;337;153;96;55;4466;2183
0401143;Walle (Stadtteil);2013-12-31;65 oder mehr;635;285;399;167;142;73;94;45;4229;2483
0401143;Walle (Stadtteil);2013-12-31;Insgesamt;8427;4048;4480;2130;3346;1600;601;318;19376;9868
04011431;Utbremen (Ortsteil);2013-12-31;unter 6;108;59;11;6;93;50;4;3;49;22
04011431;Utbremen (Ortsteil);2013-12-31;6 - 15;163;80;22;10;130;66;11;4;99;40
04011431;Utbremen (Ortsteil);2013-12-31;15 - 18;37;20;14;10;21;9;2;1;44;23
04011431;Utbremen (Ortsteil);2013-12-31;18 - 25;114;60;53;26;50;26;11;8;179;100
04011431;Utbremen (Ortsteil);2013-12-31;25 - 30;107;51;52;24;41;19;14;8;183;94
04011431;Utbremen (Ortsteil);2013-12-31;30 - 50;389;184;208;101;157;70;24;13;525;262
04011431;Utbremen (Ortsteil);2013-12-31;50 - 65;151;79;85;47;52;23;14;9;415;227
04011431;Utbremen (Ortsteil);2013-12-31;65 oder mehr;96;43;53;22;23;12;20;9;519;315
04011431;Utbremen (Ortsteil);2013-12-31;Insgesamt;1165;576;498;246;567;275;100;55;2013;1083
04011432;Steffensweg (Ortsteil);2013-12-31;unter 6;89;38;16;8;64;29;9;1;68;34
04011432;Steffensweg (Ortsteil);2013-12-31;6 - 15;145;82;32;23;107;58;6;1;121;55
04011432;Steffensweg (Ortsteil);2013-12-31;15 - 18;48;27;18;9;29;18;1;0;63;22
04011432;Steffensweg (Ortsteil);2013-12-31;18 - 25;124;67;63;34;55;30;6;3;324;174
04011432;Steffensweg (Ortsteil);2013-12-31;25 - 30;122;58;75;34;38;20;9;4;283;136
04011432;Steffensweg (Ortsteil);2013-12-31;30 - 50;417;190;253;114;139;63;25;13;848;393
04011432;Steffensweg (Ortsteil);2013-12-31;50 - 65;165;75;109;48;48;23;8;4;663;341
04011432;Steffensweg (Ortsteil);2013-12-31;65 oder mehr;101;46;68;28;18;9;15;9;741;448
04011432;Steffensweg (Ortsteil);2013-12-31;Insgesamt;1211;583;634;298;498;250;79;35;3111;1603
04011433;Westend (Ortsteil);2013-12-31;unter 6;173;101;37;22;116;67;20;12;106;52
04011433;Westend (Ortsteil);2013-12-31;6 - 15;190;93;61;32;120;53;9;8;203;80
04011433;Westend (Ortsteil);2013-12-31;15 - 18;80;37;50;26;28;9;2;2;91;55
04011433;Westend (Ortsteil);2013-12-31;18 - 25;218;117;150;79;59;33;9;5;470;228
04011433;Westend (Ortsteil);2013-12-31;25 - 30;253;118;154;70;74;37;25;11;405;195
04011433;Westend (Ortsteil);2013-12-31;30 - 50;698;317;480;213;191;86;27;18;1290;617
04011433;Westend (Ortsteil);2013-12-31;50 - 65;277;135;173;76;75;41;29;18;982;461
04011433;Westend (Ortsteil);2013-12-31;65 oder mehr;170;77;111;46;35;18;24;13;876;521
04011433;Westend (Ortsteil);2013-12-31;Insgesamt;2059;995;1216;564;698;344;145;87;4423;2209
04011434;Walle (Ortsteil);2013-12-31;unter 6;233;99;41;13;176;79;16;7;165;97
04011434;Walle (Ortsteil);2013-12-31;6 - 15;284;134;68;28;206;100;10;6;328;155
04011434;Walle (Ortsteil);2013-12-31;15 - 18;102;47;49;25;49;20;4;2;134;55
04011434;Walle (Ortsteil);2013-12-31;18 - 25;251;125;135;66;94;46;22;13;471;246
04011434;Walle (Ortsteil);2013-12-31;25 - 30;222;114;139;67;61;33;22;14;364;188
04011434;Walle (Ortsteil);2013-12-31;30 - 50;814;400;524;255;252;123;38;22;1562;763
04011434;Walle (Ortsteil);2013-12-31;50 - 65;320;164;188;105;100;41;32;18;1371;671
04011434;Walle (Ortsteil);2013-12-31;65 oder mehr;164;73;97;39;43;25;24;9;1145;655
04011434;Walle (Ortsteil);2013-12-31;Insgesamt;2390;1156;1241;598;981;467;168;91;5540;2830
04011435;Osterfeuerberg (Ortsteil);2013-12-31;unter 6;137;64;23;5;102;53;12;6;107;52
04011435;Osterfeuerberg (Ortsteil);2013-12-31;6 - 15;169;80;42;19;119;59;8;2;202;86
04011435;Osterfeuerberg (Ortsteil);2013-12-31;15 - 18;41;21;20;12;17;8;4;1;99;52
04011435;Osterfeuerberg (Ortsteil);2013-12-31;18 - 25;165;82;111;53;45;23;9;6;316;168
04011435;Osterfeuerberg (Ortsteil);2013-12-31;25 - 30;126;62;69;37;45;21;12;4;247;130
04011435;Osterfeuerberg (Ortsteil);2013-12-31;30 - 50;485;218;340;163;121;43;24;12;1053;502
04011435;Osterfeuerberg (Ortsteil);2013-12-31;50 - 65;186;89;120;62;54;22;12;5;851;405
04011435;Osterfeuerberg (Ortsteil);2013-12-31;65 oder mehr;98;46;69;32;21;9;8;5;716;420
04011435;Osterfeuerberg (Ortsteil);2013-12-31;Insgesamt;1407;662;794;383;524;238;89;41;3591;1815
04011436;Hohweg (Ortsteil);2013-12-31;unter 6;.;.;.;.;.;.;.;.;.;.
04011436;Hohweg (Ortsteil);2013-12-31;6 - 15;9;1;0;0;8;1;1;0;13;6
04011436;Hohweg (Ortsteil);2013-12-31;15 - 18;1;0;0;0;1;0;0;0;4;2
04011436;Hohweg (Ortsteil);2013-12-31;18 - 25;3;2;2;1;1;1;0;0;9;5
04011436;Hohweg (Ortsteil);2013-12-31;25 - 30;4;2;4;2;0;0;0;0;6;4
04011436;Hohweg (Ortsteil);2013-12-31;30 - 50;.;.;.;.;.;.;.;.;.;.
04011436;Hohweg (Ortsteil);2013-12-31;50 - 65;17;5;12;3;4;1;1;1;90;40
04011436;Hohweg (Ortsteil);2013-12-31;65 oder mehr;1;0;0;0;0;0;1;0;185;105
04011436;Hohweg (Ortsteil);2013-12-31;Insgesamt;60;18;29;9;26;6;5;3;358;185
04011437;Überseestadt (Ortsteil);2013-12-31;unter 6;.;.;.;.;.;.;.;.;.;.
04011437;Überseestadt (Ortsteil);2013-12-31;6 - 15;.;.;.;.;.;.;.;.;.;.
04011437;Überseestadt (Ortsteil);2013-12-31;15 - 18;.;.;.;.;.;.;.;.;.;.
04011437;Überseestadt (Ortsteil);2013-12-31;18 - 25;.;.;.;.;.;.;.;.;.;.
04011437;Überseestadt (Ortsteil);2013-12-31;25 - 30;.;.;.;.;.;.;.;.;.;.
04011437;Überseestadt (Ortsteil);2013-12-31;30 - 50;.;.;.;.;.;.;.;.;.;.
04011437;Überseestadt (Ortsteil);2013-12-31;50 - 65;19;10;15;8;4;2;0;0;94;38
04011437;Überseestadt (Ortsteil);2013-12-31;65 oder mehr;5;0;1;0;2;0;2;0;47;19
04011437;Überseestadt (Ortsteil);2013-12-31;Insgesamt;135;58;68;32;52;20;15;6;340;143
0401144;Gröpelingen (Stadtteil);2013-12-31;unter 6;1576;729;424;188;1039;486;113;55;600;279
0401144;Gröpelingen (Stadtteil);2013-12-31;6 - 15;2169;1038;682;329;1389;664;98;45;1056;545
0401144;Gröpelingen (Stadtteil);2013-12-31;15 - 18;684;310;384;179;271;116;29;15;462;222
0401144;Gröpelingen (Stadtteil);2013-12-31;18 - 25;1617;789;1001;481;540;263;76;45;1730;862
0401144;Gröpelingen (Stadtteil);2013-12-31;25 - 30;1283;593;816;365;372;183;95;45;1238;606
0401144;Gröpelingen (Stadtteil);2013-12-31;30 - 50;5113;2219;3523;1560;1291;536;299;123;4978;2286
0401144;Gröpelingen (Stadtteil);2013-12-31;50 - 65;1925;971;1193;633;485;212;247;126;4806;2342
0401144;Gröpelingen (Stadtteil);2013-12-31;65 oder mehr;1264;565;857;361;241;110;166;94;5064;2935
0401144;Gröpelingen (Stadtteil);2013-12-31;Insgesamt;15631;7214;8880;4096;5628;2570;1123;548;19934;10077
04011441;Lindenhof (Ortsteil);2013-12-31;unter 6;370;186;106;52;249;125;15;9;90;41
04011441;Lindenhof (Ortsteil);2013-12-31;6 - 15;522;252;176;79;329;162;17;11;199;114
04011441;Lindenhof (Ortsteil);2013-12-31;15 - 18;166;72;87;41;71;27;8;4;100;48
04011441;Lindenhof (Ortsteil);2013-12-31;18 - 25;405;202;272;129;119;63;14;10;351;161
04011441;Lindenhof (Ortsteil);2013-12-31;25 - 30;321;145;221;94;90;47;10;4;262;107
04011441;Lindenhof (Ortsteil);2013-12-31;30 - 50;1255;519;927;388;281;117;47;14;1081;461
04011441;Lindenhof (Ortsteil);2013-12-31;50 - 65;445;232;317;172;85;37;43;23;1140;544
04011441;Lindenhof (Ortsteil);2013-12-31;65 oder mehr;306;130;220;90;53;23;33;17;1156;682
04011441;Lindenhof (Ortsteil);2013-12-31;Insgesamt;3790;1738;2326;1045;1277;601;187;92;4379;2158
04011442;Gröpelingen (Ortsteil);2013-12-31;unter 6;460;212;108;46;324;155;28;11;170;84
04011442;Gröpelingen (Ortsteil);2013-12-31;6 - 15;542;253;173;87;358;163;11;3;272;142
04011442;Gröpelingen (Ortsteil);2013-12-31;15 - 18;154;69;87;35;61;31;6;3;111;51
04011442;Gröpelingen (Ortsteil);2013-12-31;18 - 25;384;193;245;118;125;68;14;7;431;230
04011442;Gröpelingen (Ortsteil);2013-12-31;25 - 30;336;179;218;114;102;54;16;11;321;178
04011442;Gröpelingen (Ortsteil);2013-12-31;30 - 50;1316;618;913;435;335;152;68;31;1193;579
04011442;Gröpelingen (Ortsteil);2013-12-31;50 - 65;473;253;317;179;111;48;45;26;1119;576
04011442;Gröpelingen (Ortsteil);2013-12-31;65 oder mehr;327;150;242;103;49;24;36;23;1414;832
04011442;Gröpelingen (Ortsteil);2013-12-31;Insgesamt;3992;1927;2303;1117;1465;695;224;115;5031;2672
04011443;Ohlenhof (Ortsteil);2013-12-31;unter 6;469;194;143;57;301;125;25;12;147;61
04011443;Ohlenhof (Ortsteil);2013-12-31;6 - 15;690;331;249;124;419;197;22;10;253;120
04011443;Ohlenhof (Ortsteil);2013-12-31;15 - 18;212;107;138;72;72;34;2;1;111;51
04011443;Ohlenhof (Ortsteil);2013-12-31;18 - 25;519;249;322;159;178;75;19;15;464;251
04011443;Ohlenhof (Ortsteil);2013-12-31;25 - 30;379;160;239;99;113;50;27;11;310;164
04011443;Ohlenhof (Ortsteil);2013-12-31;30 - 50;1564;655;1116;496;398;140;50;19;1231;570
04011443;Ohlenhof (Ortsteil);2013-12-31;50 - 65;593;280;379;188;157;61;57;31;1216;582
04011443;Ohlenhof (Ortsteil);2013-12-31;65 oder mehr;367;152;264;106;63;24;40;22;1126;618
04011443;Ohlenhof (Ortsteil);2013-12-31;Insgesamt;4793;2128;2850;1301;1701;706;242;121;4858;2417
04011444;In den Wischen (Ortsteil);2013-12-31;unter 6;.;.;.;.;.;.;.;.;.;.
04011444;In den Wischen (Ortsteil);2013-12-31;6 - 15;.;.;.;.;.;.;.;.;.;.
04011444;In den Wischen (Ortsteil);2013-12-31;15 - 18;.;.;.;.;.;.;.;.;.;.
04011444;In den Wischen (Ortsteil);2013-12-31;18 - 25;.;.;.;.;.;.;.;.;.;.
04011444;In den Wischen (Ortsteil);2013-12-31;25 - 30;.;.;.;.;.;.;.;.;.;.
04011444;In den Wischen (Ortsteil);2013-12-31;30 - 50;.;.;.;.;.;.;.;.;.;.
04011444;In den Wischen (Ortsteil);2013-12-31;50 - 65;0;0;0;0;0;0;0;0;1;0
04011444;In den Wischen (Ortsteil);2013-12-31;65 oder mehr;0;0;0;0;0;0;0;0;7;3
04011444;In den Wischen (Ortsteil);2013-12-31;Insgesamt;0;0;0;0;0;0;0;0;12;6
04011445;Oslebshausen (Ortsteil);2013-12-31;unter 6;277;137;67;33;165;81;45;23;193;93
04011445;Oslebshausen (Ortsteil);2013-12-31;6 - 15;415;202;84;39;283;142;48;21;332;169
04011445;Oslebshausen (Ortsteil);2013-12-31;15 - 18;152;62;72;31;67;24;13;7;140;72
04011445;Oslebshausen (Ortsteil);2013-12-31;18 - 25;309;145;162;75;118;57;29;13;482;218
04011445;Oslebshausen (Ortsteil);2013-12-31;25 - 30;247;109;138;58;67;32;42;19;345;157
04011445;Oslebshausen (Ortsteil);2013-12-31;30 - 50;978;427;567;241;277;127;134;59;1471;675
04011445;Oslebshausen (Ortsteil);2013-12-31;50 - 65;414;206;180;94;132;66;102;46;1330;640
04011445;Oslebshausen (Ortsteil);2013-12-31;65 oder mehr;264;133;131;62;76;39;57;32;1361;800
04011445;Oslebshausen (Ortsteil);2013-12-31;Insgesamt;3056;1421;1401;633;1185;568;470;220;5654;2824
040115;Nord (Stadtbezirk);2013-12-31;unter 6;2393;1131;503;251;1244;586;646;294;2120;1030
040115;Nord (Stadtbezirk);2013-12-31;6 - 15;3486;1673;770;366;2061;1001;655;306;4004;1888
040115;Nord (Stadtbezirk);2013-12-31;15 - 18;1172;553;475;219;498;232;199;102;1852;890
040115;Nord (Stadtbezirk);2013-12-31;18 - 25;2873;1345;1541;706;902;436;430;203;5157;2565
040115;Nord (Stadtbezirk);2013-12-31;25 - 30;2128;958;984;447;655;291;489;220;3423;1683
040115;Nord (Stadtbezirk);2013-12-31;30 - 50;7564;3740;3774;1892;2310;1115;1480;733;16370;8058
040115;Nord (Stadtbezirk);2013-12-31;50 - 65;4350;2256;1545;819;1284;655;1521;782;16111;8109
040115;Nord (Stadtbezirk);2013-12-31;65 oder mehr;2858;1484;1119;484;758;425;981;575;20128;11744
040115;Nord (Stadtbezirk);2013-12-31;Insgesamt;26824;13140;10711;5184;9712;4741;6401;3215;69165;35967
0401151;Burglesum (Stadtteil);2013-12-31;unter 6;748;348;107;52;363;165;278;131;767;337
0401151;Burglesum (Stadtteil);2013-12-31;6 - 15;1029;486;153;66;592;298;284;122;1372;629
0401151;Burglesum (Stadtteil);2013-12-31;15 - 18;356;145;137;46;140;58;79;41;586;293
0401151;Burglesum (Stadtteil);2013-12-31;18 - 25;894;434;473;227;240;127;181;80;1653;855
0401151;Burglesum (Stadtteil);2013-12-31;25 - 30;684;312;277;135;198;76;209;101;1184;596
0401151;Burglesum (Stadtteil);2013-12-31;30 - 50;2410;1224;1066;575;697;336;647;313;5644;2784
0401151;Burglesum (Stadtteil);2013-12-31;50 - 65;1484;772;418;215;426;231;640;326;5474;2766
0401151;Burglesum (Stadtteil);2013-12-31;65 oder mehr;995;567;275;131;261;156;459;280;7260;4271
0401151;Burglesum (Stadtteil);2013-12-31;Insgesamt;8600;4288;2906;1447;2917;1447;2777;1394;23940;12531
04011511;Burg-Grambke (Ortsteil);2013-12-31;unter 6;161;69;33;17;95;37;33;15;148;61
04011511;Burg-Grambke (Ortsteil);2013-12-31;6 - 15;236;104;55;25;142;62;39;17;281;142
04011511;Burg-Grambke (Ortsteil);2013-12-31;15 - 18;85;36;29;14;38;13;18;9;101;55
04011511;Burg-Grambke (Ortsteil);2013-12-31;18 - 25;182;87;76;35;66;33;40;19;332;173
04011511;Burg-Grambke (Ortsteil);2013-12-31;25 - 30;134;58;61;27;44;21;29;10;224;114
04011511;Burg-Grambke (Ortsteil);2013-12-31;30 - 50;514;261;249;135;145;68;120;58;1266;599
04011511;Burg-Grambke (Ortsteil);2013-12-31;50 - 65;272;133;89;42;82;42;101;49;1151;563
04011511;Burg-Grambke (Ortsteil);2013-12-31;65 oder mehr;165;87;59;27;44;22;62;38;1424;816
04011511;Burg-Grambke (Ortsteil);2013-12-31;Insgesamt;1749;835;651;322;656;298;442;215;4927;2523
04011512;Werderland (Ortsteil);2013-12-31;unter 6;.;.;.;.;.;.;.;.;.;.
04011512;Werderland (Ortsteil);2013-12-31;6 - 15;.;.;.;.;.;.;.;.;.;.
04011512;Werderland (Ortsteil);2013-12-31;15 - 18;.;.;.;.;.;.;.;.;.;.
04011512;Werderland (Ortsteil);2013-12-31;18 - 25;.;.;.;.;.;.;.;.;.;.
04011512;Werderland (Ortsteil);2013-12-31;25 - 30;.;.;.;.;.;.;.;.;.;.
04011512;Werderland (Ortsteil);2013-12-31;30 - 50;.;.;.;.;.;.;.;.;.;.
04011512;Werderland (Ortsteil);2013-12-31;50 - 65;5;3;2;1;1;1;2;1;85;44
04011512;Werderland (Ortsteil);2013-12-31;65 oder mehr;2;1;0;0;0;0;2;1;77;39
04011512;Werderland (Ortsteil);2013-12-31;Insgesamt;24;14;6;3;13;8;5;3;331;170
04011513;Burgdamm (Ortsteil);2013-12-31;unter 6;331;162;44;22;152;68;135;72;222;104
04011513;Burgdamm (Ortsteil);2013-12-31;6 - 15;514;247;68;29;287;148;159;70;340;158
04011513;Burgdamm (Ortsteil);2013-12-31;15 - 18;152;67;51;26;65;25;36;16;169;81
04011513;Burgdamm (Ortsteil);2013-12-31;18 - 25;301;146;113;58;94;47;94;41;494;264
04011513;Burgdamm (Ortsteil);2013-12-31;25 - 30;303;136;102;53;98;34;103;49;374;182
04011513;Burgdamm (Ortsteil);2013-12-31;30 - 50;1124;569;496;271;309;141;319;157;1567;784
04011513;Burgdamm (Ortsteil);2013-12-31;50 - 65;756;386;194;101;204;106;358;179;1507;746
04011513;Burgdamm (Ortsteil);2013-12-31;65 oder mehr;477;272;138;66;109;62;230;144;1911;1138
04011513;Burgdamm (Ortsteil);2013-12-31;Insgesamt;3958;1985;1206;626;1318;631;1434;728;6584;3457
04011514;Lesum (Ortsteil);2013-12-31;unter 6;149;74;24;10;63;32;62;32;239;105
04011514;Lesum (Ortsteil);2013-12-31;6 - 15;168;73;23;9;90;43;55;21;401;176
04011514;Lesum (Ortsteil);2013-12-31;15 - 18;101;35;54;5;27;17;20;13;193;103
04011514;Lesum (Ortsteil);2013-12-31;18 - 25;136;74;51;28;48;32;37;14;512;255
04011514;Lesum (Ortsteil);2013-12-31;25 - 30;150;71;59;27;35;12;56;32;372;196
04011514;Lesum (Ortsteil);2013-12-31;30 - 50;476;237;199;105;137;63;140;69;1587;796
04011514;Lesum (Ortsteil);2013-12-31;50 - 65;294;169;86;47;80;49;128;73;1610;820
04011514;Lesum (Ortsteil);2013-12-31;65 oder mehr;197;117;40;18;61;42;96;57;2251;1334
04011514;Lesum (Ortsteil);2013-12-31;Insgesamt;1671;850;536;249;541;290;594;311;7165;3785
04011515;St  Magnus (Ortsteil);2013-12-31;unter 6;105;42;5;3;52;27;48;12;145;64
04011515;St  Magnus (Ortsteil);2013-12-31;6 - 15;107;59;7;3;69;42;31;14;327;141
04011515;St  Magnus (Ortsteil);2013-12-31;15 - 18;15;5;3;1;8;2;4;2;115;52
04011515;St  Magnus (Ortsteil);2013-12-31;18 - 25;274;126;233;106;31;14;10;6;292;150
04011515;St  Magnus (Ortsteil);2013-12-31;25 - 30;96;47;54;28;21;9;21;10;205;99
04011515;St  Magnus (Ortsteil);2013-12-31;30 - 50;290;154;120;62;102;63;68;29;1131;553
04011515;St  Magnus (Ortsteil);2013-12-31;50 - 65;157;81;47;24;59;33;51;24;1121;593
04011515;St  Magnus (Ortsteil);2013-12-31;65 oder mehr;154;90;38;20;47;30;69;40;1597;944
04011515;St  Magnus (Ortsteil);2013-12-31;Insgesamt;1198;604;507;247;389;220;302;137;4933;2596
0401152;Vegesack (Stadtteil);2013-12-31;unter 6;820;379;195;89;466;230;159;60;671;354
0401152;Vegesack (Stadtteil);2013-12-31;6 - 15;1219;586;322;158;718;341;179;87;1238;616
0401152;Vegesack (Stadtteil);2013-12-31;15 - 18;382;200;160;81;178;95;44;24;663;326
0401152;Vegesack (Stadtteil);2013-12-31;18 - 25;1158;531;723;318;316;154;119;59;1697;821
0401152;Vegesack (Stadtteil);2013-12-31;25 - 30;773;348;432;194;208;101;133;53;1141;571
0401152;Vegesack (Stadtteil);2013-12-31;30 - 50;2758;1311;1522;699;845;406;391;206;5476;2669
0401152;Vegesack (Stadtteil);2013-12-31;50 - 65;1532;777;648;339;446;221;438;217;5386;2745
0401152;Vegesack (Stadtteil);2013-12-31;65 oder mehr;977;484;450;185;261;150;266;149;6965;4050
0401152;Vegesack (Stadtteil);2013-12-31;Insgesamt;9619;4616;4452;2063;3438;1698;1729;855;23237;12152
04011521;Vegesack (Ortsteil);2013-12-31;unter 6;171;86;31;17;102;54;38;15;125;73
04011521;Vegesack (Ortsteil);2013-12-31;6 - 15;207;96;49;27;132;58;26;11;204;109
04011521;Vegesack (Ortsteil);2013-12-31;15 - 18;71;40;26;14;38;21;7;5;123;60
04011521;Vegesack (Ortsteil);2013-12-31;18 - 25;162;82;67;36;68;35;27;11;338;173
04011521;Vegesack (Ortsteil);2013-12-31;25 - 30;183;77;94;35;52;25;37;17;259;136
04011521;Vegesack (Ortsteil);2013-12-31;30 - 50;523;265;267;127;173;92;83;46;1115;541
04011521;Vegesack (Ortsteil);2013-12-31;50 - 65;296;155;119;59;87;45;90;51;1075;554
04011521;Vegesack (Ortsteil);2013-12-31;65 oder mehr;227;112;82;34;74;46;71;32;1450;888
04011521;Vegesack (Ortsteil);2013-12-31;Insgesamt;1840;913;735;349;726;376;379;188;4689;2534
04011522;Grohn (Ortsteil);2013-12-31;unter 6;215;106;85;36;109;61;21;9;76;47
04011522;Grohn (Ortsteil);2013-12-31;6 - 15;326;158;150;73;156;74;20;11;161;77
04011522;Grohn (Ortsteil);2013-12-31;15 - 18;125;70;63;36;47;26;15;8;89;47
04011522;Grohn (Ortsteil);2013-12-31;18 - 25;567;258;462;205;97;48;8;5;243;137
04011522;Grohn (Ortsteil);2013-12-31;25 - 30;208;90;158;71;40;15;10;4;120;46
04011522;Grohn (Ortsteil);2013-12-31;30 - 50;592;283;400;195;144;68;48;20;718;355
04011522;Grohn (Ortsteil);2013-12-31;50 - 65;331;171;166;91;75;34;90;46;767;387
04011522;Grohn (Ortsteil);2013-12-31;65 oder mehr;174;90;97;41;34;21;43;28;1009;555
04011522;Grohn (Ortsteil);2013-12-31;Insgesamt;2538;1226;1581;748;702;347;255;131;3183;1651
04011523;Schönebeck (Ortsteil);2013-12-31;unter 6;100;47;13;8;48;27;39;12;162;78
04011523;Schönebeck (Ortsteil);2013-12-31;6 - 15;153;73;23;8;79;41;51;24;264;121
04011523;Schönebeck (Ortsteil);2013-12-31;15 - 18;37;13;15;4;16;7;6;2;144;70
04011523;Schönebeck (Ortsteil);2013-12-31;18 - 25;72;34;37;19;19;6;16;9;285;119
04011523;Schönebeck (Ortsteil);2013-12-31;25 - 30;98;40;41;17;23;12;34;11;180;105
04011523;Schönebeck (Ortsteil);2013-12-31;30 - 50;291;141;119;53;91;39;81;49;932;480
04011523;Schönebeck (Ortsteil);2013-12-31;50 - 65;196;97;61;32;58;29;77;36;941;499
04011523;Schönebeck (Ortsteil);2013-12-31;65 oder mehr;90;52;21;10;30;20;39;22;1285;716
04011523;Schönebeck (Ortsteil);2013-12-31;Insgesamt;1037;497;330;151;364;181;343;165;4193;2188
04011524;Aumund-Hammersbeck (Ortsteil);2013-12-31;unter 6;168;81;31;14;108;51;29;16;161;77
04011524;Aumund-Hammersbeck (Ortsteil);2013-12-31;6 - 15;288;140;45;26;202;96;41;18;304;148
04011524;Aumund-Hammersbeck (Ortsteil);2013-12-31;15 - 18;80;35;31;9;43;23;6;3;157;74
04011524;Aumund-Hammersbeck (Ortsteil);2013-12-31;18 - 25;182;81;78;33;73;36;31;12;408;192
04011524;Aumund-Hammersbeck (Ortsteil);2013-12-31;25 - 30;123;66;65;37;34;18;24;11;243;115
04011524;Aumund-Hammersbeck (Ortsteil);2013-12-31;30 - 50;646;331;337;171;222;113;87;47;1315;646
04011524;Aumund-Hammersbeck (Ortsteil);2013-12-31;50 - 65;321;178;118;76;102;51;101;51;1288;637
04011524;Aumund-Hammersbeck (Ortsteil);2013-12-31;65 oder mehr;231;109;135;56;54;28;42;25;1500;848
04011524;Aumund-Hammersbeck (Ortsteil);2013-12-31;Insgesamt;2039;1021;840;422;838;416;361;183;5376;2737
04011525;Fähr-Lobbendorf (Ortsteil);2013-12-31;unter 6;166;59;35;14;99;37;32;8;147;79
04011525;Fähr-Lobbendorf (Ortsteil);2013-12-31;6 - 15;245;119;55;24;149;72;41;23;305;161
04011525;Fähr-Lobbendorf (Ortsteil);2013-12-31;15 - 18;69;42;25;18;34;18;10;6;150;75
04011525;Fähr-Lobbendorf (Ortsteil);2013-12-31;18 - 25;175;76;79;25;59;29;37;22;423;200
04011525;Fähr-Lobbendorf (Ortsteil);2013-12-31;25 - 30;161;75;74;34;59;31;28;10;339;169
04011525;Fähr-Lobbendorf (Ortsteil);2013-12-31;30 - 50;706;291;399;153;215;94;92;44;1396;647
04011525;Fähr-Lobbendorf (Ortsteil);2013-12-31;50 - 65;388;176;184;81;124;62;80;33;1315;668
04011525;Fähr-Lobbendorf (Ortsteil);2013-12-31;65 oder mehr;255;121;115;44;69;35;71;42;1721;1043
04011525;Fähr-Lobbendorf (Ortsteil);2013-12-31;Insgesamt;2165;959;966;393;808;378;391;188;5796;3042
0401153;Blumenthal (Stadtteil);2013-12-31;unter 6;825;404;201;110;415;191;209;103;682;339
0401153;Blumenthal (Stadtteil);2013-12-31;6 - 15;1238;601;295;142;751;362;192;97;1394;643
0401153;Blumenthal (Stadtteil);2013-12-31;15 - 18;434;208;178;92;180;79;76;37;603;271
0401153;Blumenthal (Stadtteil);2013-12-31;18 - 25;821;380;345;161;346;155;130;64;1807;889
0401153;Blumenthal (Stadtteil);2013-12-31;25 - 30;671;298;275;118;249;114;147;66;1098;516
0401153;Blumenthal (Stadtteil);2013-12-31;30 - 50;2396;1205;1186;618;768;373;442;214;5250;2605
0401153;Blumenthal (Stadtteil);2013-12-31;50 - 65;1334;707;479;265;412;203;443;239;5251;2598
0401153;Blumenthal (Stadtteil);2013-12-31;65 oder mehr;886;433;394;168;236;119;256;146;5903;3423
0401153;Blumenthal (Stadtteil);2013-12-31;Insgesamt;8605;4236;3353;1674;3357;1596;1895;966;21988;11284
04011531;Blumenthal (Ortsteil);2013-12-31;unter 6;323;164;115;63;159;74;49;27;193;86
04011531;Blumenthal (Ortsteil);2013-12-31;6 - 15;534;268;175;85;292;146;67;37;351;159
04011531;Blumenthal (Ortsteil);2013-12-31;15 - 18;183;90;94;51;57;28;32;11;155;68
04011531;Blumenthal (Ortsteil);2013-12-31;18 - 25;355;153;180;80;132;54;43;19;550;272
04011531;Blumenthal (Ortsteil);2013-12-31;25 - 30;258;106;130;46;94;46;34;14;313;152
04011531;Blumenthal (Ortsteil);2013-12-31;30 - 50;978;485;564;284;281;132;133;69;1495;735
04011531;Blumenthal (Ortsteil);2013-12-31;50 - 65;452;242;211;116;123;60;118;66;1399;682
04011531;Blumenthal (Ortsteil);2013-12-31;65 oder mehr;334;158;167;67;83;40;84;51;1575;917
04011531;Blumenthal (Ortsteil);2013-12-31;Insgesamt;3417;1666;1636;792;1221;580;560;294;6031;3071
04011532;Rönnebeck (Ortsteil);2013-12-31;unter 6;76;32;6;4;40;16;30;12;86;50
04011532;Rönnebeck (Ortsteil);2013-12-31;6 - 15;121;69;16;11;86;49;19;9;194;86
04011532;Rönnebeck (Ortsteil);2013-12-31;15 - 18;52;20;17;6;31;11;4;3;103;50
04011532;Rönnebeck (Ortsteil);2013-12-31;18 - 25;69;34;20;8;31;15;18;11;242;115
04011532;Rönnebeck (Ortsteil);2013-12-31;25 - 30;73;33;20;9;33;16;20;8;141;62
04011532;Rönnebeck (Ortsteil);2013-12-31;30 - 50;234;108;96;52;91;39;47;17;788;396
04011532;Rönnebeck (Ortsteil);2013-12-31;50 - 65;173;88;48;24;69;32;56;32;782;394
04011532;Rönnebeck (Ortsteil);2013-12-31;65 oder mehr;83;45;30;14;25;16;28;15;1055;635
04011532;Rönnebeck (Ortsteil);2013-12-31;Insgesamt;881;429;253;128;406;194;222;107;3391;1788
04011533;Lüssum-Bockhorn (Ortsteil);2013-12-31;unter 6;354;173;74;38;181;87;99;48;249;124
04011533;Lüssum-Bockhorn (Ortsteil);2013-12-31;6 - 15;497;226;88;40;328;144;81;42;548;265
04011533;Lüssum-Bockhorn (Ortsteil);2013-12-31;15 - 18;164;78;61;32;78;33;25;13;209;97
04011533;Lüssum-Bockhorn (Ortsteil);2013-12-31;18 - 25;345;170;121;63;168;80;56;27;705;345
04011533;Lüssum-Bockhorn (Ortsteil);2013-12-31;25 - 30;291;139;109;55;106;48;76;36;440;199
04011533;Lüssum-Bockhorn (Ortsteil);2013-12-31;30 - 50;965;495;434;230;339;172;192;93;1891;963
04011533;Lüssum-Bockhorn (Ortsteil);2013-12-31;50 - 65;544;284;175;98;165;82;204;104;1967;984
04011533;Lüssum-Bockhorn (Ortsteil);2013-12-31;65 oder mehr;390;190;167;74;105;50;118;66;2200;1288
04011533;Lüssum-Bockhorn (Ortsteil);2013-12-31;Insgesamt;3550;1755;1229;630;1470;696;851;429;8209;4265
04011534;Farge (Ortsteil);2013-12-31;unter 6;40;17;3;2;21;9;16;6;88;45
04011534;Farge (Ortsteil);2013-12-31;6 - 15;53;22;9;4;24;12;20;6;156;69
04011534;Farge (Ortsteil);2013-12-31;15 - 18;21;11;5;3;8;3;8;5;73;30
04011534;Farge (Ortsteil);2013-12-31;18 - 25;40;18;19;8;14;6;7;4;185;94
04011534;Farge (Ortsteil);2013-12-31;25 - 30;34;15;12;7;10;2;12;6;111;56
04011534;Farge (Ortsteil);2013-12-31;30 - 50;125;67;51;28;35;19;39;20;570;260
04011534;Farge (Ortsteil);2013-12-31;50 - 65;102;58;30;18;39;20;33;20;596;291
04011534;Farge (Ortsteil);2013-12-31;65 oder mehr;44;20;23;9;12;6;9;5;599;329
04011534;Farge (Ortsteil);2013-12-31;Insgesamt;459;228;152;79;163;77;144;72;2378;1174
04011535;Rekum (Ortsteil);2013-12-31;unter 6;32;18;3;3;14;5;15;10;66;34
04011535;Rekum (Ortsteil);2013-12-31;6 - 15;33;16;7;2;21;11;5;3;145;64
04011535;Rekum (Ortsteil);2013-12-31;15 - 18;14;9;1;0;6;4;7;5;63;26
04011535;Rekum (Ortsteil);2013-12-31;18 - 25;12;5;5;2;1;0;6;3;125;63
04011535;Rekum (Ortsteil);2013-12-31;25 - 30;15;5;4;1;6;2;5;2;93;47
04011535;Rekum (Ortsteil);2013-12-31;30 - 50;94;50;41;24;22;11;31;15;506;251
04011535;Rekum (Ortsteil);2013-12-31;50 - 65;63;35;15;9;16;9;32;17;507;247
04011535;Rekum (Ortsteil);2013-12-31;65 oder mehr;35;20;7;4;11;7;17;9;474;254
04011535;Rekum (Ortsteil);2013-12-31;Insgesamt;298;158;83;45;97;49;118;64;1979;986

1) Schätzung; aus dem Einwohnermelderegister mit dem KOSIS-Programm MigraPro abgeleitet und an die Eckwerte der Bevölkerungsfortschreibung auf Basis der Volkszählung 1987 (bis 2010) bzw. des Zensus 2011angepasst.

2) Einschließlich deutsche Kinder unter 18 Jahren, die selbst nicht eingebürgert wurden, jedoch mindestens ein Elternteil Ausländer oder Eingebürgerter ist.

3) Einschließlich Spätaussiedler und deutsche Kinder unter 18 Jahren, die selbst keine Aussiedler sind, jedoch beide Eltern Deutsche und mindestens ein Elternteil Aussiedler ist.


© Statistisches Landesamt Bremen